,ROI_label,First Order::Mean,First Order::Unbiased Variance,First Order::Biased Variance,First Order::Skewness,First Order::Kurtosis,First Order::Median,First Order::Minimum,First Order::Maximum,First Order::Range,First Order::Mean Absolute Deviation,First Order::Robust Mean Absolute Deviation,First Order::Median Absolute Deviation,First Order::Coefficient Of Variation,First Order::Quantile Coefficient Of Dispersion,First Order::Energy,First Order::Root Mean Square,First Order::Robust Mean,First Order::Uniformity,First Order::Entropy,First Order::Excess Kurtosis,First Order::Covered Image Intensity Range,First Order::Sum,First Order::Mode,First Order::Mode Probability,First Order::Unbiased Standard deviation,First Order::Biased Standard deviation,First Order::Number Of Voxels,First Order::05th Percentile,First Order::10th Percentile,First Order::15th Percentile,First Order::20th Percentile,First Order::25th Percentile,First Order::30th Percentile,First Order::35th Percentile,First Order::40th Percentile,First Order::45th Percentile,First Order::50th Percentile,First Order::55th Percentile,First Order::60th Percentile,First Order::65th Percentile,First Order::70th Percentile,First Order::75th Percentile,First Order::80th Percentile,First Order::85th Percentile,First Order::90th Percentile,First Order::95th Percentile,First Order::Interquartile Range,First Order::Image Dimension,First Order::Voxel Space,First Order::Voxel Volume,First Order Numeric::Mean,First Order Numeric::Variance,First Order Numeric::Skewness,First Order Numeric::Excess kurtosis,First Order Numeric::Median,First Order Numeric::Minimum,First Order Numeric::05th Percentile,First Order Numeric::10th Percentile,First Order Numeric::15th Percentile,First Order Numeric::20th Percentile,First Order Numeric::25th Percentile,First Order Numeric::30th Percentile,First Order Numeric::35th Percentile,First Order Numeric::40th Percentile,First Order Numeric::45th Percentile,First Order Numeric::50th Percentile,First Order Numeric::55th Percentile,First Order Numeric::60th Percentile,First Order Numeric::65th Percentile,First Order Numeric::70th Percentile,First Order Numeric::75th Percentile,First Order Numeric::80th Percentile,First Order Numeric::85th Percentile,First Order Numeric::90th Percentile,First Order Numeric::95th Percentile,First Order Numeric::Maximum,First Order Numeric::Interquantile range,First Order Numeric::Range,First Order Numeric::Mean absolute deviation,First Order Numeric::Robust mean absolute deviation,First Order Numeric::Median absolute deviation,First Order Numeric::Coefficient of variation,First Order Numeric::Quantile coefficient of dispersion,First Order Numeric::Energy,First Order Numeric::Root mean square,First Order Numeric::Standard Deviation,First Order Numeric::Kurtosis,First Order Numeric::Robust mean,First Order Numeric::Robust variance,First Order Numeric::Covered image intensity range,First Order Numeric::Mode index,First Order Numeric::Mode value,First Order Numeric::Mode probability,First Order Numeric::Entropy,First Order Numeric::Uniformtiy,First Order Numeric::Number of voxels,First Order Numeric::Sum of voxels,First Order Numeric::Voxel space,First Order Numeric::Voxel volume,First Order Numeric::Image Dimension,First Order Histogram::Mean Value,First Order Histogram::Variance Value,First Order Histogram::Skewness Value,First Order Histogram::Excess Kurtosis Value,First Order Histogram::Median Value,First Order Histogram::Minimum Value,First Order Histogram::Percentile 10 Value,First Order Histogram::Percentile 90 Value,First Order Histogram::Maximum Value,First Order Histogram::Mode Value,First Order Histogram::Interquantile Range Value,First Order Histogram::Range Value,First Order Histogram::Mean Absolute Deviation Value,First Order Histogram::Robust Mean Absolute Deviation Value,First Order Histogram::Median Absolute Deviation Value,First Order Histogram::Coefficient of Variation Value,First Order Histogram::Quantile coefficient of Dispersion Value,First Order Histogram::Entropy Value,First Order Histogram::Uniformity Value,First Order Histogram::Robust Mean Value,First Order Histogram::Mean Index,First Order Histogram::Variance Index,First Order Histogram::Skewness Index,First Order Histogram::Excess Kurtosis Index,First Order Histogram::Median Index,First Order Histogram::Minimum Index,First Order Histogram::Percentile 10 Index,First Order Histogram::Percentile 90 Index,First Order Histogram::Maximum Index,First Order Histogram::Mode Index,First Order Histogram::Interquantile Range Index,First Order Histogram::Range Index,First Order Histogram::Mean Absolute Deviation Index,First Order Histogram::Robust Mean Absolute Deviation Index,First Order Histogram::Median Absolute Deviation Index,First Order Histogram::Coefficient of Variation Index,First Order Histogram::Quantile coefficient of Dispersion Index,First Order Histogram::Entropy Index,First Order Histogram::Uniformity Index,First Order Histogram::Maximum Gradient,First Order Histogram::Maximum Gradient Index,First Order Histogram::Minimum Gradient,First Order Histogram::Minimum Gradient Index,First Order Histogram::Robust Mean Index,First Order Histogram::Number of Bins,First Order Histogram::Bin Size
0,1,34307.15,123451514.86,122857748.42,0.09,2.27,36383.97,10926.0,58033.0,47107.0,9013.12,6639.93,8993.06,0.32,0.23,303987609393.69,36042.92,34114.66,0.01,6.91,-0.73,0.81,8027872.0,33436.98,5.0,11110.87,11084.12,234.0,15947.74,19827.94,21467.68,23334.1,26409.55,28812.48,30217.96,31351.42,32660.56,33459.65,34736.68,36376.41,38146.5,40328.4,42277.95,44371.06,47809.22,50280.15,53759.87,15868.4,3.0,1.0,1.0,34307.15,122923944.29,0.1,-0.73,33436.98,10926.0,15868.4,19835.5,21422.34,23235.87,26296.2,28563.12,30149.96,31283.41,32643.56,33436.98,34683.79,36383.97,38197.5,40237.72,42277.95,44318.17,47265.16,50212.15,53612.52,58033.0,15981.74,47107.0,9015.86,6508.83,8994.11,0.32,0.23,304177574110.0,36054.18,11087.11,2.27,34196.19,62950308.25,0.81,147.0,33436.98,0.02,-6.91,0.01,234.0,8027872.0,1.0,1.0,3.0,34296.28,122857630.33,0.1,-0.73,33436.98,10926.0,19827.94,50280.15,58033.0,33436.98,15868.4,47107.0,9012.75,6639.93,8993.06,0.32,0.23,6.91,0.01,34114.66,151.79,2390.74,0.1,-0.73,148.0,49.0,88.0,222.0,256.0,148.0,70.0,207.0,39.76,29.29,39.67,0.32,0.23,6.91,0.01,1.5,87.0,-2.0,149.0,149.99,256.0,226.69
0,2,39277.2,73250377.59,72216841.63,-0.05,2.05,42695.86,21208.0,53976.0,32768.0,7257.01,5690.09,7257.01,0.22,0.17,119451552047.02,40177.23,39346.96,0.02,5.79,-0.95,0.61,2906513.0,43750.08,3.0,8558.64,8498.05,74.0,25659.68,28548.24,29328.37,30741.02,32364.52,34198.86,34978.98,35590.43,37804.28,39216.94,41894.65,42738.03,43549.78,43841.44,45436.83,47903.7,49316.35,51994.07,52637.14,13072.31,3.0,1.0,1.0,39277.2,72260507.62,-0.05,-0.95,39111.52,21208.0,24879.56,28253.06,29307.28,30572.34,32259.09,34156.69,34789.22,35527.17,37741.03,39111.52,41325.38,42695.86,43539.23,43750.08,45225.98,47018.16,49126.59,51445.88,52605.52,53976.0,12966.89,32768.0,7257.99,5565.92,7257.99,0.22,0.17,119506977823.0,40186.55,8500.62,2.05,39136.56,40847462.48,0.61,207.0,43750.08,0.04,-5.79,0.02,74.0,2906513.0,1.0,1.0,3.0,39268.22,72216761.01,-0.05,-0.95,39322.36,21208.0,28548.24,51994.07,53976.0,43750.08,13072.31,32768.0,7257.01,5690.09,7257.01,0.22,0.17,5.79,0.02,39346.96,186.74,1624.49,-0.05,-0.95,187.0,101.0,136.0,247.0,256.0,208.0,62.0,155.0,34.42,26.99,34.42,0.22,0.17,5.79,0.02,1.5,207.0,-1.5,209.0,186.12,256.0,210.84
0,3,27587.47,60971393.32,60366196.98,0.01,1.93,30014.65,12648.0,40980.0,28332.0,6681.54,5410.38,6674.32,0.28,0.22,69802599907.25,28656.71,27444.25,0.02,5.58,-1.07,0.69,2344935.0,22651.05,4.0,7808.42,7769.57,85.0,15727.68,16768.18,18689.12,20169.84,21310.4,22591.03,23651.54,24491.95,26032.71,26973.16,28714.01,30254.77,31735.49,32575.9,33596.4,35297.23,37818.46,38658.87,39919.48,12286.0,3.0,1.0,1.0,27587.47,60254082.81,0.01,-1.06,26733.05,12648.0,15527.58,16728.16,18168.87,20089.8,21130.31,22410.94,23131.29,24411.91,26012.7,26733.05,28573.95,30014.65,31455.35,32575.9,33536.37,35297.23,37218.16,38498.79,39859.45,40980.0,12406.05,28332.0,6666.62,5299.71,6663.98,0.28,0.23,69812422383.0,28658.73,7762.35,1.94,27286.75,37551067.49,0.69,141.0,22651.05,0.05,-5.58,0.02,85.0,2344935.0,1.0,1.0,3.0,27583.34,60366179.95,0.01,-1.07,26973.16,12648.0,16768.18,38658.87,40980.0,22651.05,12286.0,28332.0,6681.49,5410.38,6674.32,0.28,0.22,5.58,0.02,27444.25,172.81,2355.75,0.01,-1.07,169.0,80.0,105.0,242.0,256.0,142.0,76.0,176.0,41.74,33.8,41.69,0.28,0.22,5.58,0.02,2.0,141.0,-2.0,143.0,170.94,256.0,160.08
0,4,23718.35,28594638.49,26840191.3,-0.74,2.97,24726.8,11217.0,30360.0,19143.0,4077.51,3550.4,4067.07,0.22,0.14,10017315127.5,24274.55,24497.02,0.08,3.73,-0.03,0.63,403212.0,23540.86,2.0,5347.4,5180.75,17.0,11248.62,15381.61,18684.45,19615.41,21376.52,22188.89,22289.7,23220.66,23520.11,23570.51,24709.01,25995.75,26570.93,26671.73,28388.38,28438.78,29583.21,30259.2,30309.6,7011.86,3.0,1.0,1.0,23718.35,26912600.93,-0.73,-0.04,23540.86,11217.0,5633.2,13282.5,17018.2,19152.89,20516.72,21821.25,21821.25,22710.7,23362.97,23540.86,24133.83,25379.06,26327.81,26327.81,27513.75,28403.2,28996.17,29944.92,30300.7,30360.0,6997.03,19143.0,4087.67,3113.86,4077.23,0.22,0.15,10021038742.0,24279.06,5187.74,2.96,23662.5,15211697.54,1.0,198.0,23540.86,0.12,-3.73,0.08,17.0,403212.0,1.0,1.0,3.0,23715.26,26840181.74,-0.73,-0.03,23540.86,11217.0,15381.61,30259.2,30360.0,23540.86,7011.86,19143.0,4077.33,3550.4,4067.07,0.22,0.14,3.73,0.08,24497.02,200.47,1908.37,-0.73,-0.03,199.0,95.0,130.0,256.0,256.0,199.0,59.0,161.0,34.38,29.94,34.29,0.22,0.14,3.73,0.08,2.0,256.0,-1.0,200.0,206.06,256.0,118.59
0,5,28060.37,91585191.94,91152777.89,0.16,1.96,30271.64,10305.0,48893.0,38588.0,8164.39,6557.47,8161.41,0.34,0.3,213350192403.91,29630.8,27703.38,0.02,6.22,-1.04,0.79,6818670.0,14801.59,7.0,9570.02,9547.4,243.0,14444.44,15405.11,17210.43,18245.75,19612.11,21451.17,22653.12,24408.3,26060.35,27903.39,29187.78,30596.32,31861.62,34096.18,36586.19,37716.37,39560.84,41170.71,44280.63,16974.08,3.0,1.0,1.0,28060.37,91208298.15,0.16,-1.04,27693.3,10305.0,14419.62,15374.56,16997.96,18239.38,19576.3,21486.18,22632.11,24351.01,26069.9,27693.3,29125.71,30462.63,31799.55,34091.41,36574.26,37720.19,39439.08,41157.97,43831.81,48893.0,16997.96,38588.0,8176.77,6308.61,8171.15,0.34,0.3,213498022084.0,29641.06,9550.3,1.96,27822.7,53442186.02,0.79,77.0,14801.59,0.03,-6.22,0.02,243.0,6818670.0,1.0,1.0,3.0,28050.52,91152680.85,0.16,-1.03,27979.78,10305.0,15405.11,41170.71,48893.0,14801.59,16974.08,38588.0,8164.03,6557.47,8161.41,0.34,0.3,6.22,0.02,27703.38,147.37,2498.94,0.16,-1.03,147.0,54.0,81.0,216.0,256.0,78.0,89.0,202.0,42.75,34.33,42.73,0.34,0.3,6.22,0.02,3.0,100.0,-3.5,79.0,144.55,256.0,190.99
0,6,33593.57,147613322.0,147207275.73,0.19,2.48,36181.44,8756.0,65459.0,56703.0,9863.33,7098.29,9858.68,0.36,0.25,617480688843.56,35718.15,33329.87,0.01,7.21,-0.52,0.87,16259286.0,34391.54,11.0,12149.62,12132.9,484.0,13833.33,17694.39,19514.96,22798.14,25160.8,26909.79,28344.26,30152.05,31440.78,33240.9,34785.32,36176.33,37976.45,39837.94,42190.37,44500.19,46383.84,50321.61,54873.05,17029.57,3.0,1.0,1.0,33593.57,147308335.8,0.19,-0.52,33113.05,8756.0,13679.91,17643.25,19560.99,22757.23,25186.37,26976.27,28254.76,30044.66,31323.15,33113.05,34775.09,36181.44,37971.33,39633.38,42062.52,44491.66,46281.56,50244.9,54847.48,65459.0,16876.15,56703.0,9868.99,7102.67,9864.13,0.36,0.25,617504633760.0,35718.85,12137.06,2.48,33330.93,71666755.89,0.87,134.0,34391.54,0.02,-7.21,0.01,484.0,16259286.0,1.0,1.0,3.0,33594.33,147207275.14,0.19,-0.52,33368.75,8756.0,17694.39,50321.61,65459.0,34391.54,17029.57,56703.0,9863.34,7098.29,9858.68,0.36,0.25,7.21,0.01,33329.87,131.88,2251.49,0.19,-0.52,131.0,35.0,70.0,197.0,256.0,135.0,67.0,221.0,38.57,27.76,38.56,0.36,0.25,7.21,0.01,5.5,134.0,-3.0,136.0,129.85,256.0,255.7
0,7,32760.65,80453306.15,80184386.85,-0.43,2.48,36258.73,8248.0,50039.0,41791.0,7364.74,5440.46,7310.27,0.27,0.19,407132119758.52,33960.99,33332.91,0.01,6.48,-0.52,0.84,11564510.0,34890.47,10.0,8969.58,8954.57,353.0,15809.85,19956.96,22225.75,23948.35,27023.01,28777.31,30044.9,31333.01,32637.74,33986.45,35191.0,36278.28,37507.75,38391.25,39395.94,40800.03,42222.04,43496.51,45807.19,12372.92,3.0,1.0,1.0,32760.65,80225393.11,-0.43,-0.52,33913.15,8248.0,15734.92,19839.68,22185.26,23944.44,27071.88,28635.6,30003.85,31372.11,32544.9,33913.15,35085.94,36258.73,37431.52,38408.84,39386.17,40754.42,42220.41,43490.93,45738.77,50039.0,12314.29,41791.0,7368.68,5342.41,7317.5,0.27,0.19,407180446316.0,33963.0,8956.86,2.48,33078.18,39855361.98,0.84,178.0,34890.47,0.03,-6.48,0.01,353.0,11564510.0,1.0,1.0,3.0,32759.19,80184384.71,-0.43,-0.52,33913.15,8248.0,19956.96,43496.51,50039.0,34890.47,12372.92,41791.0,7364.89,5440.46,7310.27,0.27,0.19,6.48,0.01,33332.91,168.1,2098.71,-0.43,-0.52,174.0,43.0,103.0,223.0,256.0,179.0,63.0,213.0,37.68,27.83,37.4,0.27,0.18,6.48,0.01,4.0,194.0,-5.0,198.0,170.03,256.0,195.46
0,8,37516.65,86281426.72,86089070.91,-0.29,2.09,40880.13,15799.0,55815.0,40016.0,7858.13,6096.44,7814.37,0.25,0.2,724636047658.68,38653.52,37986.82,0.01,7.03,-0.91,0.72,18195574.0,40880.13,10.0,9288.78,9278.42,485.0,21502.95,24255.54,26457.62,28416.23,29960.59,31536.1,33739.73,35974.51,37206.37,38754.36,39892.19,40989.14,42560.75,43987.02,45390.57,46657.85,47911.51,49083.41,50484.23,15429.98,3.0,1.0,1.0,37516.65,86103526.87,-0.3,-0.9,38699.85,15799.0,21475.69,24092.02,26490.32,28452.57,29978.76,31504.95,33576.21,35865.5,37173.66,38699.85,39789.99,40880.13,42624.35,43932.51,45349.69,46548.84,47857.0,49056.15,50473.33,55815.0,15370.93,40016.0,7858.85,6050.17,7815.56,0.25,0.2,724397144942.0,38647.15,9279.2,2.1,37867.06,49950079.3,0.72,187.0,40880.13,0.02,-7.03,0.01,485.0,18195574.0,1.0,1.0,3.0,37523.4,86089025.24,-0.3,-0.91,38699.85,15799.0,24255.54,49083.41,55815.0,40880.13,15429.98,40016.0,7857.54,6096.44,7814.37,0.25,0.2,7.03,0.01,37986.82,172.6,1811.03,-0.3,-0.91,178.0,73.0,112.0,226.0,256.0,188.0,71.0,183.0,36.04,27.96,35.84,0.25,0.2,7.03,0.01,4.0,168.0,-3.5,189.0,173.73,256.0,218.03
0,9,17633.67,23702264.27,23116501.45,-0.07,2.06,19617.97,8163.0,25689.0,17526.0,4095.61,3251.43,4081.53,0.27,0.21,15369063316.45,18278.68,17724.56,0.03,5.26,-0.94,0.68,811149.0,12292.59,2.0,4868.5,4807.96,46.0,9262.09,10596.71,12337.74,13858.01,14199.19,14731.04,15463.57,15995.42,16441.96,17259.8,18193.03,19597.9,19758.45,21183.39,21599.83,22156.76,23792.43,24324.27,25257.51,7400.64,3.0,1.0,1.0,17633.67,23186997.65,-0.07,-0.93,16808.23,8163.0,9031.29,10335.81,12292.59,13496.76,14048.67,14500.24,15303.02,15804.76,16406.84,16808.23,18162.93,19066.05,19668.14,21073.01,21424.22,21875.79,23481.35,24183.79,25187.26,25689.0,7375.55,17526.0,4100.31,3147.38,4085.59,0.27,0.21,15370138853.0,18279.32,4815.29,2.07,17541.68,13153237.73,0.68,122.0,12292.59,0.04,-5.26,0.03,46.0,811149.0,1.0,1.0,3.0,17635.01,23116499.67,-0.07,-0.94,17309.97,8163.0,10596.71,24324.27,25689.0,12292.59,7400.64,17526.0,4095.66,3251.43,4081.53,0.27,0.21,5.26,0.03,17724.56,176.24,2295.66,-0.07,-0.94,173.0,82.0,106.0,243.0,256.0,123.0,74.0,174.0,40.81,32.4,40.67,0.27,0.21,5.26,0.03,1.0,122.0,-1.0,124.0,176.13,256.0,100.35
0,10,31151.97,80036312.02,79793421.98,0.16,2.24,33539.64,13584.0,53165.0,39581.0,7476.74,5701.2,7475.51,0.29,0.21,267924200992.45,32414.24,30933.61,0.02,6.23,-0.76,0.74,7943752.0,25232.61,8.0,8946.3,8932.72,255.0,17713.01,19261.93,20861.03,22775.11,24324.03,25167.71,26459.19,27620.88,29688.98,31073.49,32527.22,33643.48,34615.1,36239.42,37446.54,39458.4,41794.75,43144.64,46363.62,13122.51,3.0,1.0,1.0,31151.97,79722444.13,0.16,-0.75,31047.53,13584.0,17756.28,19210.01,20871.42,22740.5,24194.23,25232.61,26478.66,27517.04,29593.8,31047.53,32501.26,33539.64,34578.02,36239.42,37485.48,38939.21,41742.83,43092.72,46207.86,53165.0,13291.25,39581.0,7473.12,5634.01,7473.48,0.29,0.22,267792736342.0,32406.29,8928.74,2.25,31039.99,43187929.16,0.74,121.0,25232.61,0.03,-6.23,0.02,255.0,7943752.0,1.0,1.0,3.0,31159.1,79793371.06,0.16,-0.76,31047.53,13584.0,19261.93,43144.64,53165.0,25232.61,13122.51,39581.0,7476.83,5701.2,7475.51,0.29,0.21,6.23,0.02,30933.61,150.54,1850.1,0.16,-0.76,150.0,66.0,93.0,208.0,256.0,122.0,63.0,190.0,36.0,27.45,36.0,0.29,0.21,6.23,0.02,3.0,115.0,-4.0,123.0,148.45,256.0,207.68
0,11,30870.26,49861485.08,49341557.31,-0.11,2.39,33134.03,15799.0,45239.0,29440.0,5821.38,4275.73,5804.14,0.23,0.17,103199800606.23,31653.43,31004.94,0.02,5.65,-0.61,0.65,3179637.0,27832.59,5.0,7061.27,7024.35,103.0,17697.99,21435.51,23941.92,24846.11,26109.62,27077.13,27746.0,28292.05,29895.73,31344.8,32100.25,33073.95,33808.49,34830.5,36513.7,37260.32,38974.46,40061.26,42031.63,10404.09,3.0,1.0,1.0,30870.26,49377392.99,-0.11,-0.61,31366.88,15799.0,17494.77,21205.78,23944.86,24563.36,25888.72,26860.66,27655.87,28097.66,29776.45,31366.88,31897.03,33045.68,33487.46,34724.47,36491.62,37198.47,38788.91,39849.2,41704.7,45239.0,10602.89,29440.0,5828.37,4233.62,5809.48,0.23,0.17,103242099165.0,31659.92,7026.9,2.39,30903.48,23909861.03,0.65,157.0,27832.59,0.05,-5.65,0.02,103.0,3179637.0,1.0,1.0,3.0,30864.19,49341520.45,-0.11,-0.61,31366.88,15799.0,21435.51,40061.26,45239.0,27832.59,10404.09,29440.0,5821.68,4275.73,5804.14,0.23,0.17,5.65,0.02,31004.94,175.16,1580.03,-0.11,-0.61,178.0,90.0,122.0,227.0,256.0,158.0,59.0,166.0,32.94,24.2,32.84,0.23,0.17,5.65,0.02,2.5,187.0,-2.5,159.0,174.95,256.0,176.71
0,12,26911.31,37556711.4,37553647.89,0.25,2.32,27947.65,14887.0,43493.0,28606.0,5096.73,4025.07,5094.75,0.23,0.19,248379532791.63,27602.54,26690.56,0.02,5.87,-0.68,0.66,8773087.0,20472.29,14.0,6128.35,6128.1,326.0,17747.18,18848.58,19960.91,20523.26,21831.45,23156.62,24296.62,24790.04,25643.88,26652.2,27490.82,28263.65,29175.14,30372.89,31855.22,32472.51,33472.62,35179.49,37495.72,10023.78,3.0,1.0,1.0,26911.31,37441506.77,0.25,-0.67,26588.49,14887.0,17753.98,18773.35,19962.61,20472.29,21831.45,23190.6,24209.97,24719.65,25569.13,26588.49,27437.97,28287.44,29136.91,30326.17,31855.22,32449.86,33384.28,35168.17,37291.85,43493.0,10023.78,28606.0,5085.25,3799.79,5083.27,0.23,0.19,248301193505.0,27598.19,6118.95,2.33,26705.01,19850737.67,0.66,120.0,20472.29,0.04,-5.87,0.02,326.0,8773087.0,1.0,1.0,3.0,26913.69,37553642.22,0.25,-0.68,26588.49,14887.0,18848.58,35179.49,43493.0,20472.29,10023.78,28606.0,5096.75,4025.07,5094.75,0.23,0.19,5.87,0.02,26690.56,158.91,1301.05,0.25,-0.68,157.0,88.0,111.0,208.0,256.0,121.0,59.0,168.0,30.0,23.69,29.99,0.23,0.19,5.87,0.02,7.0,120.0,-6.5,122.0,156.6,256.0,169.89
0,13,36251.09,54726622.62,54494360.32,-0.33,2.62,38731.53,17239.0,53165.0,35926.0,5977.67,4348.21,5916.96,0.2,0.14,551671104032.83,36998.8,36421.14,0.01,6.39,-0.38,0.68,14609188.0,32916.61,11.0,7397.74,7382.03,403.0,22399.56,25277.6,27928.93,29609.37,31397.98,32829.77,33818.27,35277.19,36323.98,37412.79,38027.17,38784.61,39664.92,40775.99,41601.91,42526.07,43634.76,44515.3,47646.02,10203.93,3.0,1.0,1.0,36251.09,54590824.55,-0.33,-0.37,37485.48,17239.0,22325.15,25232.61,27932.39,29593.8,31255.21,32708.94,33747.31,35201.04,36239.42,37485.48,38004.67,38731.53,39562.24,40808.29,41638.99,42469.7,43611.91,44442.62,47557.75,53165.0,10383.79,35926.0,5972.94,4317.79,5917.53,0.2,0.14,551599045268.0,36996.38,7388.56,2.63,36365.02,26456076.32,0.68,158.0,32916.61,0.03,-6.39,0.01,403.0,14609188.0,1.0,1.0,3.0,36254.88,54494345.9,-0.33,-0.38,37485.48,17239.0,25277.6,44515.3,53165.0,32916.61,10203.93,35926.0,5977.3,4348.21,5916.96,0.2,0.14,6.39,0.01,36421.14,175.07,1263.51,-0.33,-0.38,181.0,84.0,122.0,215.0,256.0,159.0,49.0,172.0,28.78,20.94,28.49,0.2,0.14,6.39,0.01,4.5,196.0,-5.5,160.0,174.88,256.0,207.68
0,14,24145.73,91258720.13,91013529.56,0.94,3.59,23767.06,8216.0,55565.0,47349.0,7565.72,5359.15,7357.6,0.4,0.26,171868417451.96,25961.39,23098.34,0.01,6.63,0.59,0.85,6157161.0,17255.54,8.0,9552.94,9540.1,255.0,12019.19,13435.44,15066.94,16351.16,17303.02,18340.79,19331.09,19999.68,20606.26,21623.68,23170.17,24526.74,25593.9,27402.66,29464.64,32557.62,34673.86,36952.9,44332.62,12161.63,3.0,1.0,1.0,24145.73,90900842.79,0.94,0.61,21596.55,8216.0,11937.79,13348.62,15085.03,16387.33,17255.54,18232.27,19317.52,20077.2,20511.3,21596.55,23115.91,24418.21,25503.47,27348.4,29410.38,32014.99,34511.07,36790.11,44169.83,55565.0,12154.84,47349.0,7556.59,5246.98,7349.5,0.39,0.26,171848858363.0,25959.91,9534.19,3.61,22967.87,39583885.88,0.85,79.0,17255.54,0.03,-6.63,0.01,255.0,6157161.0,1.0,1.0,3.0,24144.98,91013529.01,0.94,0.59,21596.55,8216.0,13435.44,36952.9,55565.0,17255.54,12161.63,47349.0,7565.58,5359.15,7357.6,0.4,0.26,6.63,0.01,23098.34,111.74,1931.89,0.94,0.59,100.0,38.0,62.0,171.0,256.0,80.0,56.0,218.0,34.86,24.69,33.9,0.39,0.26,6.63,0.01,3.0,79.0,-2.5,110.0,105.92,256.0,217.05
0,15,30831.87,56764498.16,56466133.74,-0.16,3.08,32511.31,10305.0,48530.0,38225.0,5857.58,3954.37,5850.99,0.24,0.14,215663448496.59,31745.44,30886.26,0.02,5.99,0.08,0.79,6598020.0,27013.77,7.0,7534.22,7514.4,214.0,17762.74,20606.29,23639.42,25622.32,26596.71,27307.6,28270.35,28799.52,30056.37,31152.72,31828.86,32587.14,33511.29,34539.71,35165.29,36435.41,38286.88,41250.5,43847.61,8568.58,3.0,1.0,1.0,30831.87,56499243.5,-0.16,0.09,31184.32,10305.0,17250.9,20568.38,23601.5,25497.21,26634.63,27203.34,28151.19,28719.9,30046.89,31184.32,31753.03,32511.31,33459.16,34407.01,35165.29,36397.5,38198.42,40852.4,43790.74,48530.0,8530.66,38225.0,5860.63,3844.42,5858.88,0.24,0.14,215520127456.0,31734.89,7516.6,3.09,30932.94,20971488.69,1.0,142.0,27013.77,0.03,-5.99,0.02,214.0,6598020.0,1.0,1.0,3.0,30843.27,56466003.83,-0.17,0.09,31184.32,10305.0,20606.29,41250.5,48530.0,27013.77,8568.58,38225.0,5857.37,3954.37,5850.99,0.24,0.14,5.99,0.02,30886.26,163.2,1571.25,-0.17,0.09,165.0,55.0,109.0,218.0,256.0,143.0,45.0,201.0,30.9,20.86,30.86,0.24,0.14,5.99,0.02,3.0,147.0,-3.0,166.0,162.43,256.0,189.57
0,16,37975.54,106930776.46,106197333.7,0.08,1.75,41832.27,18695.0,58360.0,39665.0,9156.64,7652.44,9148.9,0.27,0.24,292488214066.83,39339.0,37867.08,0.01,6.38,-1.25,0.68,7177377.0,26102.42,6.0,10340.73,10305.21,189.0,23190.12,25293.13,26521.31,27515.83,28735.46,29561.85,31243.12,33237.84,34959.01,37500.86,39883.13,42493.37,44094.86,45692.54,47360.51,48374.97,50202.52,51760.3,53179.41,18625.05,3.0,1.0,1.0,37975.54,106365005.16,0.09,-1.25,37272.89,18695.0,23138.83,25190.55,26558.36,27470.23,28610.08,29521.95,31231.72,33169.45,34993.2,37272.89,39666.56,42288.2,43997.97,45707.73,47189.53,48215.39,50153.13,51748.91,53116.72,58360.0,18579.45,39665.0,9168.18,7577.43,9162.65,0.27,0.25,292667751055.0,39351.07,10313.34,1.75,37693.71,70931667.6,0.68,114.0,26102.42,0.03,-6.38,0.01,189.0,7177377.0,1.0,1.0,3.0,37965.24,106197227.62,0.09,-1.25,37500.86,18695.0,25293.13,51760.3,58360.0,26102.42,18625.05,39665.0,9156.37,7652.44,9148.9,0.27,0.24,6.38,0.01,37867.08,167.04,2043.44,0.09,-1.25,165.0,83.0,111.0,228.0,256.0,115.0,81.0,173.0,40.17,33.57,40.13,0.27,0.24,6.38,0.01,2.0,114.0,-2.5,128.0,165.61,256.0,227.97
0,17,21392.46,49221509.22,49089637.0,0.07,2.04,23544.3,5917.0,37321.0,31404.0,6000.39,4766.86,5996.88,0.33,0.26,120014502740.67,22503.12,21385.33,0.01,6.38,-0.96,0.84,5070012.0,16400.83,6.0,7015.8,7006.4,237.0,10489.24,11932.52,13369.96,15045.03,15810.4,16624.37,17491.79,18567.2,19850.47,20956.62,22755.24,23772.7,24785.3,25650.9,26758.87,28457.26,29810.63,31245.4,32880.02,10948.47,3.0,1.0,1.0,21392.46,49013823.53,0.07,-0.95,20920.17,5917.0,10423.64,11881.49,13339.34,14942.98,15817.69,16546.62,17421.33,18587.61,19681.0,20920.17,22669.59,23690.09,24710.58,25585.29,26751.58,28355.21,29813.06,31270.92,32874.55,37321.0,10933.89,31404.0,5994.5,4647.13,5991.75,0.33,0.26,120076283266.0,22508.91,7000.99,2.05,21184.02,28326528.33,0.84,112.0,16400.83,0.03,-6.38,0.01,237.0,5070012.0,1.0,1.0,3.0,21384.59,49089575.14,0.07,-0.96,20920.17,5917.0,11932.52,31245.4,37321.0,16400.83,10948.47,31404.0,6000.29,4766.86,5996.88,0.33,0.26,6.38,0.01,21385.33,147.19,2309.74,0.07,-0.96,144.0,41.0,82.0,215.0,256.0,113.0,75.0,215.0,41.16,32.7,41.14,0.33,0.26,6.38,0.01,2.5,104.0,-2.5,129.0,146.19,256.0,145.79
0,18,21188.33,54851967.89,53815914.81,0.46,2.44,22191.02,9857.0,39044.0,29187.0,6065.47,4592.48,5984.83,0.35,0.25,27123356357.61,22411.7,20776.79,0.02,5.44,-0.56,0.75,1144170.0,15480.34,3.0,7406.21,7335.93,54.0,10477.82,12262.26,13131.6,13848.42,15429.5,16349.67,17829.08,18652.66,19239.85,20055.8,20848.89,22175.77,24181.35,24829.54,25546.37,28855.96,30030.33,31814.76,33751.71,10116.87,3.0,1.0,1.0,21188.33,53836190.7,0.47,-0.55,20055.8,9857.0,10142.29,11972.48,12963.83,13650.15,15175.3,15937.88,17463.04,18606.91,19216.97,20055.8,20665.87,21809.73,24173.73,24631.27,25393.85,27834.1,29511.77,31341.96,33553.44,39044.0,10218.55,29187.0,6065.48,4418.08,5988.11,0.35,0.25,27150209648.0,22422.79,7337.31,2.45,20523.81,27793581.08,0.75,101.0,15480.34,0.06,-5.44,0.02,54.0,1144170.0,1.0,1.0,3.0,21177.08,53815788.1,0.46,-0.55,20055.8,9857.0,12262.26,31814.76,39044.0,15480.34,10116.87,29187.0,6064.22,4592.48,5984.83,0.35,0.25,5.44,0.02,20776.79,139.35,2313.56,0.46,-0.55,132.0,65.0,81.0,209.0,256.0,102.0,66.0,191.0,39.76,30.11,39.24,0.35,0.24,5.44,0.02,1.5,101.0,-1.5,103.0,135.73,256.0,152.52
0,19,40039.7,206470672.83,204963647.08,-0.35,3.13,43388.69,0.0,65531.0,65531.0,11345.2,8098.47,11336.28,0.36,0.23,341670733072.59,42518.02,40529.4,0.01,6.67,0.13,1.0,7567504.0,127.99,5.0,14369.09,14316.55,189.0,16824.32,22244.7,26455.58,30410.48,32013.56,32983.08,34192.59,36059.12,37633.4,39357.0,41206.46,43380.16,45044.88,47381.98,50748.13,52527.19,57166.84,59669.05,62913.6,18734.57,3.0,1.0,1.0,40039.7,205378235.4,-0.36,0.14,39293.0,0.0,16766.72,21886.33,26238.0,30205.7,31869.57,32893.49,34173.39,35965.26,37629.13,39293.0,41084.87,43388.69,44924.57,47356.39,50684.13,52348.01,57083.64,59515.46,62843.21,65531.0,18814.56,65531.0,11355.35,8019.83,11345.34,0.36,0.23,341817104428.0,42527.12,14331.02,3.14,40405.28,91568078.4,1.0,0.0,127.99,0.03,-6.67,0.01,189.0,7567504.0,1.0,1.0,3.0,40035.21,204963626.89,-0.35,0.13,39293.0,0.0,22244.7,59669.05,65531.0,127.99,18734.57,65531.0,11345.08,8098.47,11336.28,0.36,0.23,6.67,0.01,40529.4,156.9,3127.97,-0.35,0.13,154.0,1.0,87.0,234.0,256.0,1.0,73.0,255.0,44.32,31.64,44.29,0.36,0.22,6.67,0.01,2.5,175.0,-5.0,1.0,157.83,256.0,255.98
0,20,19585.02,23492231.26,22906138.05,-0.07,2.44,20003.77,8905.0,28371.0,19466.0,3930.67,2913.09,3896.89,0.24,0.18,17480671099.33,20162.52,19693.46,0.04,4.69,-0.56,0.69,842156.0,16346.57,3.0,4846.88,4786.04,43.0,10766.57,13553.8,15761.97,16313.33,16392.75,16839.74,17253.48,17798.37,18249.98,19089.47,19577.1,20048.1,21497.13,22225.8,23522.44,24015.61,25630.87,26564.57,27420.68,7129.69,3.0,1.0,1.0,19585.02,22945900.3,-0.07,-0.56,18895.53,8905.0,10528.3,13132.67,15349.15,16069.51,16346.57,16789.87,17233.17,17787.29,18230.58,18895.53,19338.83,20003.77,21444.49,22220.26,23328.5,23993.44,25212.51,26099.1,27262.76,28371.0,6981.93,19466.0,3934.54,2768.98,3910.1,0.24,0.18,17480318558.0,20162.32,4790.19,2.44,19489.29,10449251.74,1.0,147.0,16346.57,0.07,-4.69,0.04,43.0,842156.0,1.0,1.0,3.0,19586.25,22906136.55,-0.07,-0.56,19117.18,8905.0,13553.8,26564.57,28371.0,16346.57,7129.69,19466.0,3930.81,2913.09,3896.89,0.24,0.18,4.69,0.04,19693.46,177.23,1865.02,-0.07,-0.56,173.0,81.0,123.0,240.0,256.0,148.0,65.0,175.0,35.47,26.29,35.16,0.24,0.18,4.69,0.04,1.5,147.0,-1.5,149.0,177.2,256.0,110.82
0,21,26136.59,71884296.35,71589016.23,0.05,2.3,29173.29,9490.0,47119.0,37629.0,7057.81,5331.7,7007.73,0.32,0.26,195548111487.95,27477.48,26018.75,0.01,6.9,-0.7,0.8,6769376.0,18497.89,5.0,8478.46,8461.03,259.0,12690.84,13970.05,15907.26,17283.1,18750.97,20771.01,22495.03,24323.34,25818.82,27033.61,28243.79,29191.69,30065.97,30940.25,31865.14,32964.89,34708.85,36728.89,41232.19,13114.17,3.0,1.0,1.0,26136.59,71606750.81,0.04,-0.7,26964.58,9490.0,12515.98,13804.39,15829.04,17209.48,18681.95,20706.59,22455.15,24295.73,25768.2,26964.58,28160.96,29173.29,30001.55,30921.84,31842.14,32854.46,34695.04,36719.69,41045.07,47119.0,13160.19,37629.0,7057.17,5288.33,7009.0,0.32,0.26,195474532356.0,27472.31,8462.08,2.3,25910.24,37694678.88,0.8,100.0,18497.89,0.02,-6.9,0.01,259.0,6769376.0,1.0,1.0,3.0,26142.36,71588982.89,0.04,-0.7,26964.58,9490.0,13970.05,36728.89,47119.0,18497.89,13114.17,37629.0,7057.34,5331.7,7007.73,0.32,0.26,6.9,0.01,26018.75,142.53,2113.17,0.04,-0.7,147.0,52.0,76.0,200.0,256.0,101.0,72.0,204.0,38.34,28.97,38.07,0.32,0.26,6.9,0.01,2.5,157.0,-2.0,102.0,140.86,256.0,184.06
0,22,25890.28,83345755.84,83077447.92,0.11,2.14,28299.47,9797.0,47506.0,37709.0,7626.54,5832.57,7603.71,0.35,0.26,209365565963.47,27442.91,25800.46,0.01,6.78,-0.86,0.79,7197498.0,20876.66,9.0,9129.39,9114.68,278.0,11128.03,12878.58,14703.35,17220.92,19268.38,20561.19,21421.0,23214.85,24439.61,25158.03,26715.94,28336.59,29630.94,31287.15,33124.3,34775.88,36266.62,38617.18,40844.03,13855.92,3.0,1.0,1.0,25890.28,83045950.96,0.12,-0.86,25144.78,9797.0,11041.43,12711.57,14567.27,17165.25,19206.53,20505.52,21433.37,23196.29,24402.5,25144.78,26629.34,28299.47,29598.46,31175.81,32938.73,34701.65,36279.0,38598.63,40825.47,47506.0,13732.2,37709.0,7620.93,5755.53,7601.22,0.35,0.26,209432017030.0,27447.27,9112.96,2.14,25688.85,46220278.06,0.79,112.0,20876.66,0.03,-6.78,0.01,278.0,7197498.0,1.0,1.0,3.0,25885.06,83077420.62,0.11,-0.86,25144.78,9797.0,12878.58,38617.18,47506.0,20876.66,13855.92,37709.0,7626.32,5832.57,7603.71,0.35,0.26,6.78,0.01,25800.46,139.99,2412.49,0.11,-0.86,136.0,53.0,70.0,209.0,256.0,113.0,75.0,203.0,41.1,31.43,40.97,0.35,0.27,6.78,0.01,4.0,110.0,-4.0,114.0,138.53,256.0,185.57
0,23,32375.46,93849684.53,93342364.4,0.35,2.06,33143.84,15339.0,53532.0,38193.0,8157.54,6404.6,8093.34,0.3,0.23,266055916128.5,33791.58,31749.04,0.01,6.64,-0.94,0.71,7543483.0,26034.12,6.0,9687.6,9661.39,233.0,18887.8,19627.01,21535.65,23901.2,24971.14,25919.11,27108.42,27957.92,29125.45,30704.23,32543.69,33603.88,35177.42,37441.03,40018.31,43222.91,44962.0,46986.88,48795.67,15047.16,3.0,1.0,1.0,32375.46,93446896.19,0.35,-0.94,30634.52,15339.0,18715.29,19551.73,21433.71,23838.47,24988.57,25825.01,27079.66,27916.1,29066.2,30634.52,32516.51,33562.05,35130.38,37326.02,39939.89,43181.09,44958.52,46840.5,48722.48,53532.0,14951.32,38193.0,8160.25,6215.52,8097.8,0.3,0.23,265996885487.0,33787.83,9666.79,2.06,31988.16,53895228.99,0.71,124.0,26034.12,0.03,-6.64,0.01,233.0,7543483.0,1.0,1.0,3.0,32380.99,93342333.86,0.35,-0.94,30634.52,15339.0,19627.01,46986.88,53532.0,26034.12,15047.16,38193.0,8157.94,6404.6,8093.34,0.3,0.23,6.64,0.01,31749.04,155.35,2134.67,0.35,-0.94,147.0,74.0,94.0,225.0,256.0,125.0,72.0,182.0,39.01,30.63,38.7,0.3,0.23,6.64,0.01,2.0,91.0,-2.5,95.0,151.33,256.0,209.11
0,24,31603.86,103122513.52,102495660.2,0.48,2.28,32359.12,15645.0,53967.0,38322.0,8330.02,6467.23,8246.02,0.32,0.25,170665664822.75,33182.36,31166.73,0.01,6.45,-0.72,0.71,4898599.0,20553.84,4.0,10154.93,10124.01,155.0,17444.41,19130.88,20567.01,22240.31,23795.02,24770.01,26061.21,27615.93,28643.62,30110.49,31252.37,32569.93,33887.48,35521.25,39263.1,41634.7,44045.82,47888.69,50435.96,15468.08,3.0,1.0,1.0,31603.86,102457206.98,0.48,-0.72,30040.22,15645.0,17286.3,19078.18,20553.84,22240.31,23715.97,24770.01,26034.86,27510.52,28564.56,30040.22,31199.67,32569.93,33729.38,35415.84,38788.78,41634.7,43953.59,47642.74,50383.25,53967.0,15072.81,38322.0,8324.14,6183.76,8246.72,0.32,0.24,170695526197.0,33185.26,10122.11,2.28,30772.23,56256421.83,0.71,97.0,20553.84,0.03,-6.45,0.01,155.0,4898599.0,1.0,1.0,3.0,31600.21,102495646.83,0.48,-0.72,30040.22,15645.0,19130.88,47888.69,53967.0,20553.84,15468.08,38322.0,8329.52,6467.23,8246.02,0.32,0.25,6.45,0.01,31166.73,150.4,2306.37,0.48,-0.72,143.0,75.0,91.0,228.0,256.0,98.0,74.0,181.0,39.51,30.68,39.12,0.32,0.25,6.45,0.01,2.0,116.0,-2.0,210.0,147.34,256.0,210.81
0,25,26385.13,22093974.62,21674121.59,0.15,2.5,27417.54,16863.0,37039.0,20176.0,3705.48,2821.62,3695.81,0.18,0.13,48830726117.31,26797.37,26386.99,0.02,5.69,-0.5,0.54,1794189.0,26694.12,3.0,4700.42,4655.55,68.0,19445.47,19792.72,20863.37,21789.35,22715.32,23641.3,25001.33,25840.49,26231.14,26621.78,26824.34,27403.07,28155.43,28546.07,29226.09,29862.69,31222.72,33002.33,34810.87,6510.76,3.0,1.0,1.0,26385.13,21769063.23,0.15,-0.49,26549.44,16863.0,19315.26,19676.97,20617.41,21630.2,22642.98,23294.06,24740.89,25826.02,26187.73,26549.44,26766.46,27345.2,28140.96,28502.67,29153.74,29804.82,30817.61,32843.18,34145.33,37039.0,6510.76,20176.0,3712.95,2710.48,3704.88,0.18,0.13,48820210531.0,26794.48,4665.73,2.51,26140.84,11048683.41,1.0,184.0,26694.12,0.04,-5.69,0.02,68.0,1794189.0,1.0,1.0,3.0,26389.86,21674099.22,0.15,-0.5,26694.12,16863.0,19792.72,33002.33,37039.0,26694.12,6510.76,20176.0,3705.2,2821.62,3695.81,0.18,0.13,5.69,0.02,26386.99,182.9,1035.39,0.15,-0.5,185.0,117.0,137.0,229.0,256.0,185.0,45.0,139.0,25.61,19.5,25.54,0.18,0.12,5.69,0.02,1.5,184.0,-1.5,186.0,181.88,256.0,144.68
0,26,44224.66,303884315.66,300871239.09,-0.14,1.56,50229.54,14246.0,65439.0,51193.0,15499.81,14197.48,15490.29,0.39,0.39,331377110697.24,47479.11,46799.64,0.06,5.59,-1.44,0.78,6501025.0,65311.19,34.0,17432.28,17345.64,147.0,18238.57,19388.86,21484.95,25485.42,27926.6,31837.61,33345.77,37013.93,40937.72,44861.5,48896.05,51149.78,57655.34,60697.23,63969.18,65217.96,65273.22,65328.48,65383.74,36042.57,3.0,1.0,1.0,44224.66,301817075.42,-0.13,-1.44,44733.69,14246.0,18021.29,19299.39,21472.17,25434.3,27734.89,31824.83,33230.74,36809.44,40643.75,44733.69,48312.39,51124.22,56492.26,60582.2,63138.41,65311.19,65311.19,65311.19,65311.19,65439.0,35403.52,51193.0,15522.69,11691.22,15515.36,0.39,0.39,331872729479.0,47514.6,17372.88,1.56,40504.06,183027491.18,0.78,255.0,65311.19,0.23,-5.59,0.06,147.0,6501025.0,1.0,1.0,3.0,44197.23,300870486.96,-0.13,-1.44,44861.5,14246.0,19388.86,65328.48,65439.0,65311.19,36042.57,51193.0,15500.37,14197.48,15490.29,0.39,0.39,5.59,0.06,46799.64,173.4,4604.54,-0.13,-1.44,176.0,56.0,76.0,256.0,256.0,256.0,141.0,200.0,60.64,55.54,60.6,0.39,0.39,5.59,0.06,33.0,256.0,-1.5,67.0,182.58,256.0,255.62
0,27,24868.31,79843630.26,79528668.7,0.66,3.03,25065.28,9369.0,50725.0,41356.0,7095.79,4988.45,7001.59,0.36,0.23,191343751809.14,26426.03,24144.18,0.01,6.75,0.03,0.82,6813917.0,16346.92,7.0,8935.53,8917.88,274.0,12199.1,13965.23,16158.69,17595.23,18592.56,19367.21,20503.01,21379.79,22519.13,23727.81,24359.89,25203.98,27254.78,28387.51,29969.36,32733.48,35061.67,37370.06,42660.52,11376.8,3.0,1.0,1.0,24868.31,79552230.15,0.66,0.02,23678.27,9369.0,12185.89,13969.19,16148.78,17436.72,18526.51,19319.09,20507.96,21300.54,22489.4,23678.27,24272.71,25164.36,27244.87,28334.67,29820.75,32594.78,34972.51,37251.17,42303.86,50725.0,11294.24,41356.0,7096.59,4925.58,7001.87,0.36,0.23,191247912823.0,26419.41,8919.21,3.02,24126.66,35663067.15,0.82,82.0,16346.92,0.03,-6.75,0.01,274.0,6813917.0,1.0,1.0,3.0,24875.82,79528612.36,0.66,0.03,23678.27,9369.0,13965.23,37370.06,50725.0,16346.92,11376.8,41356.0,7096.99,4988.45,7001.59,0.36,0.23,6.75,0.01,24144.18,126.04,2025.63,0.66,0.03,120.0,48.0,71.0,189.0,256.0,83.0,58.0,208.0,35.82,25.18,35.34,0.36,0.24,6.75,0.01,3.5,97.0,-3.5,141.0,121.35,256.0,198.14
0,28,33213.55,106832026.06,106247205.93,0.32,2.46,34908.66,13984.0,58219.0,44235.0,8445.25,6257.58,8442.68,0.31,0.23,165718643982.4,34779.67,32804.53,0.01,6.35,-0.54,0.76,4550257.0,26039.36,5.0,10335.96,10307.63,137.0,17039.29,20774.63,22412.04,23696.95,25485.03,26021.16,27058.95,29518.85,31811.98,32861.9,34038.78,34931.4,36853.08,38638.31,40423.54,42481.68,43829.13,46688.91,52795.08,14938.52,3.0,1.0,1.0,33213.55,106052230.25,0.32,-0.55,32748.19,13984.0,16942.64,20581.33,22286.96,23651.47,25470.81,26039.36,26949.03,29336.92,31724.81,32748.19,33998.99,34908.66,36841.71,38319.93,40252.98,42413.45,43777.96,46506.97,52760.97,58219.0,14782.17,44235.0,8440.57,6189.99,8439.35,0.31,0.22,165659365515.0,34773.44,10298.17,2.45,32673.56,53055439.79,0.76,114.0,26039.36,0.04,-6.35,0.01,137.0,4550257.0,1.0,1.0,3.0,33217.13,106247193.13,0.32,-0.54,32861.9,13984.0,20774.63,46688.91,58219.0,26039.36,14938.52,44235.0,8445.28,6257.58,8442.68,0.31,0.23,6.35,0.01,32804.53,146.56,2054.32,0.32,-0.54,145.0,62.0,92.0,206.0,256.0,115.0,65.0,194.0,37.14,27.52,37.12,0.31,0.22,6.35,0.01,2.0,112.0,-2.0,116.0,143.75,256.0,227.42
0,29,20566.52,31634452.55,31276299.4,0.36,1.92,21889.31,11487.0,32485.0,20998.0,4879.34,3965.02,4749.26,0.27,0.24,37268955260.54,21318.99,20518.09,0.03,5.56,-1.08,0.65,1686455.0,17067.31,5.0,5624.45,5592.52,82.0,12482.19,14732.46,15155.44,15779.33,16052.16,16572.43,17097.77,17672.18,18133.23,19287.97,19808.24,21838.55,22796.6,23780.04,26076.83,27104.67,27939.0,28602.03,30238.97,10024.67,3.0,1.0,1.0,20566.52,31248666.54,0.36,-1.08,19097.63,11487.0,12499.11,14148.74,15163.9,15798.37,15988.71,16496.29,17067.31,17574.89,17955.58,19097.63,19795.55,21698.96,22777.57,23729.28,25949.93,26901.64,27916.8,28297.48,29883.66,32485.0,9961.22,20998.0,4873.86,3771.13,4743.58,0.27,0.24,37246908547.0,21312.69,5590.05,1.92,20262.82,18628114.37,0.65,134.0,17067.31,0.06,-5.56,0.03,82.0,1686455.0,1.0,1.0,3.0,20572.39,31276265.01,0.36,-1.08,19351.42,11487.0,14732.46,28602.03,32485.0,17067.31,10024.67,20998.0,4880.34,3965.02,4749.26,0.27,0.24,5.56,0.03,20518.09,162.62,1942.36,0.36,-1.08,153.0,91.0,117.0,226.0,256.0,135.0,79.0,165.0,38.46,31.25,37.43,0.27,0.24,5.56,0.03,2.5,134.0,-2.5,136.0,161.19,256.0,126.89
0,30,28831.35,67457012.06,67229224.49,-0.45,2.58,32014.35,6627.0,46699.0,40072.0,6669.65,4929.78,6570.87,0.28,0.18,256926280864.51,29972.38,29299.13,0.01,6.8,-0.42,0.86,8245766.0,33291.28,7.0,8213.22,8199.34,286.0,13736.07,16928.39,18237.24,20686.2,23987.96,25502.03,26500.77,27982.92,29290.25,30098.96,31090.1,32069.08,33301.7,33881.1,34522.6,35559.34,37097.73,38873.27,39756.17,10534.64,3.0,1.0,1.0,28831.35,67221148.38,-0.44,-0.42,30007.76,6627.0,13590.14,16873.66,18150.59,20704.44,23714.34,25264.89,26541.81,27909.95,29278.08,30007.76,31102.26,32014.35,33291.28,33838.53,34568.21,35480.29,37122.06,38855.03,39675.91,46699.0,10853.87,40072.0,6671.27,4831.17,6572.25,0.28,0.19,256961811118.0,29974.45,8198.85,2.58,29185.07,33873804.17,0.86,182.0,33291.28,0.02,-6.8,0.01,286.0,8245766.0,1.0,1.0,3.0,28829.06,67229219.22,-0.45,-0.42,30190.17,6627.0,16928.39,38873.27,46699.0,33291.28,10534.64,40072.0,6669.98,4929.78,6570.87,0.28,0.18,6.8,0.01,29299.13,158.54,2020.33,-0.45,-0.42,166.0,37.0,93.0,214.0,256.0,183.0,58.0,219.0,36.56,27.02,36.02,0.28,0.18,6.8,0.01,2.5,132.0,-2.5,186.0,160.12,256.0,182.42
0,31,25197.72,66908416.25,66710638.17,0.11,2.22,26588.25,8498.0,44928.0,36430.0,6800.6,5217.4,6791.25,0.32,0.26,164191959316.13,26489.15,24888.38,0.01,6.81,-0.78,0.81,5896266.0,26412.75,6.0,8179.76,8167.66,234.0,12583.35,14013.67,15110.55,17479.8,18690.75,20919.6,21840.97,22753.58,23543.33,24570.0,26123.17,26798.85,28963.35,30519.45,31619.25,32748.3,34450.65,35766.9,38899.57,12928.5,3.0,1.0,1.0,25197.72,66622482.84,0.11,-0.77,24482.25,8498.0,12197.25,13952.25,15093.0,17462.25,18603.0,20884.5,21762.0,22727.25,23517.0,24482.25,26061.75,26763.75,28957.5,30449.25,31590.0,32730.75,34398.0,35714.25,38873.25,44928.0,12987.0,36430.0,6793.07,5119.14,6783.6,0.32,0.26,164162108604.0,26486.74,8162.26,2.23,24944.91,36591295.61,0.81,150.0,26412.75,0.03,-6.81,0.01,234.0,5896266.0,1.0,1.0,3.0,25198.5,66710637.56,0.11,-0.78,24657.75,8498.0,14013.67,35766.9,44928.0,26412.75,12928.5,36430.0,6800.62,5217.4,6791.25,0.32,0.26,6.81,0.01,24888.38,144.08,2165.91,0.11,-0.78,141.0,49.0,80.0,204.0,256.0,151.0,74.0,207.0,38.75,29.73,38.7,0.32,0.26,6.81,0.01,2.0,150.0,-2.5,181.0,141.31,256.0,175.5
0,32,27228.6,63417023.44,63284419.14,0.87,5.45,28338.63,7304.0,62272.0,54968.0,5951.76,3983.24,5940.51,0.29,0.19,353219131415.61,28365.46,26866.07,0.01,6.6,2.45,0.88,11953357.0,28581.88,11.0,7963.48,7955.15,439.0,15686.58,18055.23,19695.95,20947.3,21611.24,23003.34,24101.51,25233.13,25957.21,26696.69,27607.14,28395.38,29163.65,30337.33,31698.52,33292.82,34588.12,36013.16,40221.39,10087.27,3.0,1.0,1.0,27228.6,63272565.53,0.88,2.46,26635.88,7304.0,15689.63,18000.5,19581.63,20919.5,21527.63,22987.13,24081.75,25176.38,25906.13,26635.88,27608.88,28338.63,29068.38,30284.63,31744.13,33203.63,34663.13,35879.38,40257.88,62272.0,10216.5,54968.0,5952.88,3953.98,5943.25,0.29,0.19,353249876243.0,28366.7,7954.41,5.46,26811.91,22293724.05,0.88,117.0,28581.88,0.03,-6.6,0.01,439.0,11953357.0,1.0,1.0,3.0,27227.1,63284416.88,0.87,2.45,26635.88,7304.0,18055.23,36013.16,62272.0,28581.88,10087.27,54968.0,5951.69,3983.24,5940.51,0.29,0.19,6.6,0.01,26866.07,112.43,1069.53,0.87,2.45,110.0,31.0,75.0,149.0,256.0,118.0,42.0,225.0,24.47,16.38,24.42,0.29,0.19,6.6,0.01,4.0,112.0,-3.5,89.0,109.95,256.0,243.25
0,33,24139.16,84709923.91,84514985.67,1.16,4.94,24765.82,8002.0,64366.0,56364.0,7002.9,4737.17,6943.25,0.38,0.24,478538770224.01,25834.44,23041.73,0.01,6.82,1.94,0.88,17307781.0,26777.26,14.0,9203.8,9193.2,717.0,12430.91,14039.21,14984.07,16108.26,17530.93,18645.31,19496.09,20667.52,21720.38,23026.77,24022.54,25170.4,26276.5,27485.46,28694.41,30299.56,31862.43,35615.02,42384.76,11163.48,3.0,1.0,1.0,24139.16,84591778.96,1.16,1.93,23005.82,8002.0,12445.77,13954.35,14960.07,16091.5,17474.36,18731.51,19485.8,20742.95,21748.67,23005.82,24011.54,25268.68,26274.4,27531.55,28662.98,30297.28,31805.86,35577.3,42365.9,64366.0,11188.62,56364.0,7010.68,4703.49,6950.78,0.38,0.24,478447679497.0,25831.98,9197.38,4.93,23079.15,30466656.16,0.88,106.0,26777.26,0.02,-6.82,0.01,717.0,17307781.0,1.0,1.0,3.0,24143.39,84514967.85,1.16,1.94,23005.82,8002.0,14039.21,35615.02,64366.0,26777.26,11163.48,56364.0,7003.36,4737.17,6943.25,0.38,0.24,6.82,0.01,23041.73,96.52,1336.9,1.16,1.94,92.0,32.0,56.0,142.0,256.0,107.0,45.0,224.0,27.85,18.84,27.62,0.38,0.24,6.82,0.01,5.0,75.0,-5.0,108.0,91.14,256.0,251.43
0,34,22553.57,58923135.48,58570794.51,0.13,2.54,24910.17,6631.0,41544.0,34913.0,6201.35,4622.04,6189.0,0.34,0.25,90753641513.58,23816.18,22190.73,0.02,6.02,-0.46,0.84,3608571.0,24910.17,9.0,7676.14,7653.16,160.0,10440.09,12333.38,13415.25,15497.86,16471.55,18229.59,19825.36,20609.72,21867.4,23043.94,24234.0,24901.16,25234.73,26235.47,27425.53,28561.5,30184.31,33429.94,36351.0,10953.98,3.0,1.0,1.0,22553.57,58554865.88,0.14,-0.46,22800.52,6631.0,10467.14,12252.23,13388.2,15497.86,16471.55,18256.64,19879.45,20528.58,21826.83,22800.52,24261.05,24910.17,25234.73,26208.42,27344.39,28480.36,29454.05,32375.11,35945.3,41544.0,10872.84,34913.0,6202.13,4541.74,6191.14,0.34,0.25,90754932679.0,23816.35,7652.12,2.54,22026.77,28481665.16,0.84,153.0,24910.17,0.06,-6.02,0.02,160.0,3608571.0,1.0,1.0,3.0,22553.04,58570794.22,0.13,-0.46,23125.08,6631.0,12333.38,33429.94,41544.0,24910.17,10953.98,34913.0,6201.38,4475.1,6189.0,0.34,0.25,6.02,0.02,22421.86,139.47,2224.05,0.13,-0.46,143.0,41.0,77.0,207.0,256.0,154.0,68.0,215.0,38.21,27.58,38.14,0.34,0.25,6.02,0.02,3.5,153.0,-3.0,99.0,137.67,256.0,162.28
0,35,22584.69,45670728.08,45547468.2,0.89,3.86,23048.2,9898.0,46643.0,36745.0,5181.24,3466.04,5128.91,0.3,0.19,155542061560.91,23569.2,21974.35,0.01,6.62,0.86,0.79,6323714.0,22501.6,7.0,6758.01,6748.89,280.0,13300.54,14985.89,15972.8,17005.26,17855.52,18766.52,19313.12,20224.11,20952.91,21651.34,22488.59,23078.57,23746.63,24961.29,26100.04,27284.33,28908.94,31702.66,36804.24,8244.51,3.0,1.0,1.0,22584.69,45507618.34,0.9,0.89,21590.61,9898.0,13209.44,15031.44,15942.43,17035.63,17764.42,18675.42,19222.02,20133.01,20861.81,21590.61,22501.6,23048.2,23777.0,24870.19,26145.59,27238.78,28878.58,31429.37,36713.14,46643.0,8381.16,36745.0,5173.52,3371.23,5123.6,0.3,0.19,155561271542.0,23570.66,6745.93,3.89,21949.78,16336721.84,0.79,123.0,22501.6,0.03,-6.62,0.01,280.0,6323714.0,1.0,1.0,3.0,22582.29,45547462.44,0.89,0.87,21590.61,9898.0,14985.89,31702.66,46643.0,22501.6,8244.51,36745.0,5180.93,3466.04,5128.91,0.3,0.19,6.62,0.01,21974.35,124.44,1372.05,0.89,0.87,119.0,55.0,83.0,175.0,256.0,124.0,45.0,201.0,28.44,19.02,28.15,0.3,0.19,6.62,0.01,2.5,110.0,-3.0,125.0,120.11,256.0,182.2
0,36,24810.84,92570329.6,92104202.42,0.66,2.42,24975.46,9377.0,48994.0,39617.0,8039.9,6084.88,7810.15,0.39,0.29,140839815722.6,26603.34,24074.41,0.01,6.64,-0.58,0.81,4937358.0,16937.38,6.0,9621.35,9597.09,199.0,12053.93,14602.51,15856.07,16604.37,17296.22,18226.02,19009.1,19697.12,20460.74,22104.71,23583.15,25288.05,26731.39,29338.99,31410.7,34085.28,37348.36,39912.89,42970.23,14114.48,3.0,1.0,1.0,24810.84,92105152.06,0.66,-0.58,22009.02,9377.0,11961.43,14449.4,15693.39,16554.61,17224.45,18181.37,18946.9,19616.74,20382.27,22009.02,23540.09,25166.84,26697.9,29281.57,31291.09,34066.14,37319.65,39903.32,42965.44,48994.0,14066.64,39617.0,8039.96,5924.43,7812.76,0.39,0.29,140828945462.0,26602.31,9597.14,2.42,23871.92,48941336.64,0.81,88.0,16937.38,0.03,-6.64,0.01,199.0,4937358.0,1.0,1.0,3.0,24811.96,92104201.16,0.66,-0.58,22104.71,9377.0,14602.51,39912.89,48994.0,16937.38,14114.48,39617.0,8040.1,6084.88,7810.15,0.39,0.29,6.64,0.01,24074.41,130.15,2514.63,0.66,-0.58,116.0,49.0,77.0,209.0,256.0,89.0,74.0,207.0,42.01,31.79,40.81,0.39,0.29,6.64,0.01,2.0,92.0,-2.5,94.0,125.29,256.0,191.38
0,37,23715.99,38871736.37,38466767.62,0.05,2.17,25342.12,10051.0,36345.0,26294.0,5217.02,3969.79,5215.75,0.26,0.21,73293885979.9,24510.6,23655.83,0.01,6.38,-0.83,0.72,2893351.0,19521.24,3.0,6234.72,6202.16,122.0,14204.36,15787.36,16561.11,17377.45,18953.35,19573.3,20827.39,21565.65,22779.51,23567.46,24660.65,25299.53,26165.56,28138.98,28784.96,29189.58,30623.5,31773.48,34059.24,9831.61,3.0,1.0,1.0,23715.99,38553115.58,0.05,-0.83,23354.5,10051.0,14197.27,15616.99,16539.81,17320.66,18811.38,19521.24,20586.04,21508.86,22644.64,23354.5,24632.26,25271.13,26122.97,27968.61,28749.46,29104.39,30524.12,31659.9,33576.53,36345.0,9938.09,26294.0,5223.22,3933.33,5222.3,0.26,0.21,73322168701.0,24515.33,6209.12,2.17,23572.18,20924480.29,0.72,137.0,19521.24,0.02,-6.38,0.01,122.0,2893351.0,1.0,1.0,3.0,23712.92,38466758.22,0.05,-0.83,23638.45,10051.0,15787.36,31773.48,36345.0,19521.24,9831.61,26294.0,5216.97,3969.79,5215.75,0.26,0.21,6.38,0.01,23655.83,167.52,1908.43,0.05,-0.83,167.0,71.0,112.0,224.0,256.0,138.0,69.0,185.0,36.75,27.96,36.74,0.26,0.2,6.38,0.01,1.5,173.0,-1.5,139.0,166.12,256.0,141.97
0,38,18797.94,49172682.39,49066892.5,0.97,3.59,18595.46,6659.0,42315.0,35656.0,5555.18,3884.36,5401.6,0.37,0.25,240699166914.19,20062.58,17953.33,0.01,6.85,0.59,0.84,11241170.0,15454.89,16.0,7012.32,7004.78,598.0,10344.03,11326.38,11957.29,12781.87,13560.91,14336.41,15006.54,15735.89,16555.27,17140.88,18070.19,18959.1,20056.65,21242.51,22628.61,24485.4,26471.67,28959.33,32570.98,9067.7,3.0,1.0,1.0,18797.94,49090453.82,0.96,0.58,17107.82,6659.0,10330.81,11322.57,11983.74,12810.21,13554.02,14297.84,14959.01,15785.48,16611.94,17107.82,18099.58,18926.04,20083.1,21240.15,22562.49,24463.36,26446.88,28760.98,32562.71,42315.0,9008.47,35656.0,5555.55,3835.64,5402.25,0.37,0.25,240666965916.0,20061.23,7006.46,3.58,18026.31,21145800.13,0.84,93.0,15454.89,0.03,-6.85,0.01,598.0,11241170.0,1.0,1.0,3.0,18800.0,49066888.26,0.96,0.59,17107.82,6659.0,11326.38,28959.33,42315.0,15454.89,9067.7,35656.0,5555.58,3884.36,5401.6,0.37,0.25,6.85,0.01,17953.33,114.24,1795.89,0.96,0.59,104.0,41.0,69.0,176.0,256.0,94.0,54.0,215.0,33.61,23.5,32.68,0.37,0.25,6.85,0.01,6.5,93.0,-4.0,157.0,108.12,256.0,165.29
0,39,32224.64,123831427.24,123132850.58,0.09,2.05,35116.72,10773.0,58566.0,47793.0,9319.15,7190.87,9315.61,0.34,0.28,269391628403.98,34075.96,32214.85,0.01,6.82,-0.95,0.82,7476117.0,21619.09,7.0,11127.96,11096.52,232.0,14534.74,16746.22,19262.72,21550.46,23220.5,25302.34,27041.02,28358.76,30243.85,32066.41,33428.37,35093.85,36893.53,38921.99,40950.45,43604.22,45800.44,47905.16,50208.14,17729.94,3.0,1.0,1.0,32224.64,123297671.09,0.09,-0.95,32142.67,10773.0,14527.11,16700.46,19216.97,21619.09,23220.5,25165.08,26995.27,28253.52,30198.09,32142.67,33400.92,35116.72,36832.52,38891.48,40836.06,43466.95,45754.69,47813.65,50215.77,58566.0,17615.55,47793.0,9328.52,7105.93,9328.52,0.34,0.28,269520255373.0,34084.09,11103.95,2.05,32053.31,70640494.78,0.82,94.0,21619.09,0.03,-6.82,0.01,232.0,7476117.0,1.0,1.0,3.0,32218.6,123132814.04,0.09,-0.95,32142.67,10773.0,16746.22,47905.16,58566.0,21619.09,17729.94,47793.0,9318.89,7190.87,9315.61,0.34,0.28,6.82,0.01,32214.85,141.33,2352.68,0.09,-0.95,141.0,48.0,74.0,210.0,256.0,95.0,78.0,208.0,40.73,31.43,40.72,0.34,0.28,6.82,0.01,2.5,94.0,-2.0,96.0,140.32,256.0,228.77
0,40,45295.49,185738626.64,184855263.19,-0.4,2.34,50360.19,10055.0,65277.0,55222.0,11252.07,8501.93,11209.75,0.3,0.23,643969865762.89,47286.43,45994.61,0.01,6.8,-0.66,0.85,13045101.0,65149.51,21.0,13628.6,13596.15,288.0,21979.99,25447.83,28830.67,32536.5,35698.36,38860.21,40866.12,42379.05,44661.2,46662.86,47784.8,50436.68,51728.62,54210.51,56777.39,58953.29,60801.96,63033.1,65102.15,21079.03,3.0,1.0,1.0,45295.49,185093700.85,-0.4,-0.66,46535.36,10055.0,21164.03,25243.84,28686.18,32383.51,35570.87,38630.72,40798.13,42328.05,44622.95,46535.36,47682.81,50232.69,51635.13,54057.52,56734.89,58647.3,60814.71,62982.11,65149.51,65277.0,21164.03,55222.0,11254.38,8459.0,11213.95,0.3,0.23,644191222305.0,47294.56,13604.91,2.34,45915.12,101602625.66,0.85,255.0,65149.51,0.07,-6.8,0.01,288.0,13045101.0,1.0,1.0,3.0,45289.64,184855228.94,-0.4,-0.66,46790.35,10055.0,25447.83,63033.1,65277.0,65149.51,21079.03,55222.0,11252.39,8501.93,11209.75,0.3,0.23,6.8,0.01,45994.61,178.11,2843.09,-0.4,-0.66,184.0,40.0,100.0,248.0,256.0,256.0,82.0,216.0,44.13,33.34,43.96,0.3,0.23,6.8,0.01,21.0,256.0,-3.5,187.0,179.88,256.0,254.99
0,41,34914.01,102706872.1,102363522.95,-0.14,2.06,37719.98,14819.0,54710.0,39891.0,8441.33,6631.25,8439.71,0.29,0.23,376420726463.26,36342.46,35305.23,0.01,6.82,-0.94,0.73,9950494.0,33018.34,6.0,10134.44,10117.49,285.0,17657.87,20035.4,22626.65,25217.89,27087.86,29224.97,30970.28,32804.63,33606.04,35075.31,36317.5,37826.84,39910.52,41281.83,43036.04,45306.72,46770.64,48747.46,49941.57,15948.18,3.0,1.0,1.0,34914.01,102346497.11,-0.14,-0.94,35048.59,14819.0,17631.15,19981.97,22546.5,25111.04,27034.43,29171.54,30881.23,32804.63,33552.62,35048.59,36224.0,37719.98,39857.09,41246.21,42955.9,45199.86,46695.84,48619.24,49901.5,54710.0,15921.46,39891.0,8445.8,6480.76,8444.91,0.29,0.23,376580438848.0,36350.17,10116.64,2.06,35020.56,60046356.05,0.73,154.0,33018.34,0.02,-6.82,0.01,285.0,9950494.0,1.0,1.0,3.0,34905.74,102363454.57,-0.14,-0.94,35155.45,14819.0,20035.4,48747.46,54710.0,33018.34,15948.18,39891.0,8441.59,6631.25,8439.71,0.29,0.23,6.82,0.01,35305.23,163.83,2241.26,-0.14,-0.94,165.0,70.0,94.0,229.0,256.0,155.0,75.0,186.0,39.5,31.03,39.49,0.29,0.23,6.82,0.01,2.5,154.0,-2.5,156.0,164.7,256.0,213.71
0,42,19998.16,25149247.78,25101466.56,0.58,3.05,20951.55,9773.0,34942.0,25169.0,4038.83,2934.81,4026.52,0.25,0.18,113830854743.83,20609.27,19663.01,0.02,5.94,0.05,0.72,5359507.0,18221.71,10.0,5014.9,5010.14,268.0,12843.91,14107.83,14693.38,15474.31,15969.59,16635.67,17389.1,18224.44,18982.65,19572.98,20348.26,21169.94,21535.05,22264.61,22885.19,24168.22,25141.86,26629.63,29837.19,6915.6,3.0,1.0,1.0,19998.16,25055407.3,0.59,0.07,19586.63,9773.0,12762.02,14126.94,14672.91,15491.86,15901.34,16583.8,17266.26,18221.71,18904.17,19586.63,20269.09,21088.04,21497.52,22179.98,22862.44,24090.87,25046.32,26547.73,29687.05,34942.0,6961.1,25169.0,4030.97,2825.32,4019.74,0.25,0.18,113895130063.0,20615.09,5005.54,3.07,19737.64,10863726.14,0.72,133.0,18221.71,0.04,-5.94,0.02,268.0,5359507.0,1.0,1.0,3.0,19991.01,25101415.47,0.59,0.05,19586.63,9773.0,14107.83,26629.63,34942.0,18221.71,6915.6,25169.0,4038.51,2934.81,4026.52,0.25,0.18,5.94,0.02,19663.01,146.96,1347.36,0.59,0.05,144.0,72.0,104.0,196.0,256.0,134.0,50.0,184.0,29.59,21.5,29.5,0.25,0.17,5.94,0.02,4.5,116.0,-4.5,118.0,143.56,256.0,136.49
0,43,15516.72,15407952.85,14851597.03,0.31,2.18,16369.09,9030.0,23216.0,14186.0,3285.39,2701.76,3280.39,0.25,0.2,7408965744.61,15983.79,15444.08,0.05,4.51,-0.82,0.61,449985.0,9023.41,2.0,3925.3,3853.78,29.0,9043.81,11326.87,11669.21,12133.99,12718.92,12818.68,13065.8,13131.55,14333.16,15371.53,16137.84,16387.23,16491.52,17439.21,18931.02,19243.89,19556.76,22227.51,22540.38,6212.09,3.0,1.0,1.0,15516.72,14876644.13,0.31,-0.82,14872.75,9030.0,9023.41,10157.0,11653.34,11880.06,12560.22,12786.94,12968.31,13104.34,13965.88,14872.75,15734.28,16369.09,16414.44,17321.31,18182.84,19135.06,19407.13,21220.88,22399.81,23216.0,5622.63,14186.0,3293.44,2532.92,3303.66,0.25,0.18,7413715791.0,15988.91,3857.03,2.18,15164.92,7963918.74,0.61,99.0,9023.41,0.07,-4.51,0.05,29.0,449985.0,1.0,1.0,3.0,15512.25,14851577.04,0.31,-0.81,15371.53,9030.0,11326.87,22227.51,23216.0,9023.41,6212.09,14186.0,3285.24,2701.76,3280.39,0.25,0.2,4.51,0.05,15444.08,171.55,1805.83,0.31,-0.81,170.0,100.0,125.0,246.0,256.0,100.0,68.0,156.0,36.23,29.79,36.17,0.25,0.19,4.51,0.05,1.0,99.0,-1.0,101.0,169.8,256.0,90.69
0,44,18504.95,13248922.22,13088028.89,-0.13,1.95,20456.45,10599.0,24644.0,14045.0,3108.16,2477.16,3107.83,0.2,0.18,28800889955.92,18856.47,18581.49,0.03,5.14,-1.05,0.57,1498901.0,14391.71,5.0,3639.91,3617.74,81.0,12950.13,14064.41,14404.23,14702.97,14983.74,16105.24,17146.51,17395.2,17927.07,18499.04,18846.4,20427.57,20728.88,20923.33,21491.3,22314.37,22883.54,23196.81,23676.53,6507.56,3.0,1.0,1.0,18504.95,13085355.28,-0.14,-1.04,18386.73,10599.0,12947.73,13958.52,14391.71,14680.51,14969.3,15980.09,17039.02,17375.95,17809.14,18386.73,18819.93,20312.05,20745.24,20841.51,21370.97,22141.09,22863.09,23151.88,23536.95,24644.0,6401.66,14045.0,3104.22,2474.17,3105.68,0.2,0.18,28797002763.0,18855.2,3617.37,1.96,18582.15,8151253.08,1.0,149.0,14391.71,0.06,-5.14,0.03,81.0,1498901.0,1.0,1.0,3.0,18506.18,13088027.39,-0.13,-1.05,18531.13,10599.0,14064.41,23196.81,24644.0,14391.71,6507.56,14045.0,3108.14,2477.16,3107.83,0.2,0.18,5.14,0.03,18581.49,192.74,1412.32,-0.13,-1.05,193.0,111.0,147.0,241.0,256.0,150.0,68.0,145.0,32.29,25.73,32.28,0.19,0.18,5.14,0.03,2.5,149.0,-2.5,151.0,192.52,256.0,96.27
