Partition_ID,Feature2DJava_Area,Feature2DJava_Aspect_Ratio_BB,Feature2DJava_BB_Xmin,Feature2DJava_BB_Ymin,Feature2DJava_BB_Width,Feature2DJava_BB_Height,Feature2DJava_Center_BB_X,Feature2DJava_Center_BB_Y,Feature2DJava_Centroid_X,Feature2DJava_Centroid_Y,Feature2DJava_Circularity,Feature2DJava_Distance_From_Border,Feature2DJava_Eccentricity,Feature2DJava_Entropy,Feature2DJava_ExtendBB,Feature2DJava_Mean,Feature2DJava_Median,Feature2DJava_Mode,Feature2DJava_Orientation,Feature2DJava_Perimeter,Feature2DJava_StandardDeviation,Feature2DJava_Skewness,Feature2DJava_Kurtosis,Feature2DJava_Hyperskewness,Feature2DJava_Hyperflatness,Feature2DJava_TContrast_Average,Feature2DJava_TContrast_Ortho_principal_component_value,Feature2DJava_TContrast_Principal_component_angle,Feature2DJava_TContrast_Principal_component_value,Feature2DJava_TCorrelation_Average,Feature2DJava_TCorrelation_Ortho_principal_component_value,Feature2DJava_TCorrelation_Principal_component_angle,Feature2DJava_TCorrelation_Principal_component_value,Feature2DJava_THomogeneity_Average,Feature2DJava_THomogeneity_Ortho_principal_component_value,Feature2DJava_THomogeneity_Principal_component_angle,Feature2DJava_THomogeneity_Principal_component_value,Feature2DJava_TEnergy_Average,Feature2DJava_TEnergy_Ortho_principal_component_value,Feature2DJava_TEnergy_Principal_component_angle,Feature2DJava_TEnergy_Principal_component_value,Feature2DJava_TVariance_Average,Feature2DJava_TVariance_Ortho_principal_component_value,Feature2DJava_TVariance_Principal_component_angle,Feature2DJava_TVariance_Principal_component_value,Feature2DJava_TEntropy_Average,Feature2DJava_TEntropy_Ortho_principal_component_value,Feature2DJava_TEntropy_Principal_component_angle,Feature2DJava_TEntropy_Principal_component_value,Feature2DJava_TInvDiffMoment_Average,Feature2DJava_TInvDiffMoment_Ortho_principal_component_value,Feature2DJava_TInvDiffMoment_Principal_component_angle,Feature2DJava_TInvDiffMoment_Principal_component_value,Feature2DJava_TSumAverage_Average,Feature2DJava_TSumAverage_Ortho_principal_component_value,Feature2DJava_TSumAverage_Principal_component_angle,Feature2DJava_TSumAverage_Principal_component_value,Feature2DJava_TSumVariance_Average,Feature2DJava_TSumVariance_Ortho_principal_component_value,Feature2DJava_TSumVariance_Principal_component_angle,Feature2DJava_TSumVariance_Principal_component_value,Feature2DJava_TSumEntropy_Average,Feature2DJava_TSumEntropy_Ortho_principal_component_value,Feature2DJava_TSumEntropy_Principal_component_angle,Feature2DJava_TSumEntropy_Principal_component_value,Feature2DJava_TDiffAverage_Average,Feature2DJava_TDiffAverage_Ortho_principal_component_value,Feature2DJava_TDiffAverage_Principal_component_angle,Feature2DJava_TDiffAverage_Principal_component_value,Feature2DJava_TDiffVariance_Average,Feature2DJava_TDiffVariance_Ortho_principal_component_value,Feature2DJava_TDiffVariance_Principal_component_angle,Feature2DJava_TDiffVariance_Principal_component_value,Feature2DJava_TDiffEntropy_Average,Feature2DJava_TDiffEntropy_Ortho_principal_component_value,Feature2DJava_TDiffEntropy_Principal_component_angle,Feature2DJava_TDiffEntropy_Principal_component_value
1,234,1.923076923,148,0,25,13,160,6,160.8846154,4.585470085,0.735959881,-1,0.864151521,7.0271027,0.72,34307.1453,33413,38241,-0.087437504,63.21,11087.10712,0.096264835,2.272432974,0.428342362,6.501905753,2.723947861,1.72611465,150,4.23030303,0.408455222,0.28792015,45,0.71616979,0.545007135,0.542967245,45,0.609404097,0.039094321,0.041230913,45,0.043319497,2.341236288,2.239736853,30,2.571126666,4.927943706,4.858189674,120,5.075962962,0.497639082,0.492404467,45,0.584357542,5.916704364,5.777070064,150,6.145454545,6.64099729,5.572387985,45,8.51234356,4.927943706,4.858189674,120,5.075962962,1.276273909,1.038216561,150,1.624242424,2.341236288,2.239736853,30,2.571126666,4.927943706,4.858189674,120,5.075962962
2,74,2.142857143,177,0,15,7,184,3,183.9189189,2.162162162,0.738544116,-1,0.90145377,5.912156068,0.704761905,39277.2027,39184.5,26270,0.00464219,35.484,8500.618073,-0.046772582,2.05286716,-0.404181346,5.418882062,2.922578281,2.27027027,120,4.833333333,0.002561668,-0.33512786,0,0.505123719,0.531226295,0.51984127,45,0.604166667,0.069762641,0.066597294,165,0.080805794,1.43893721,1.305332359,120,1.669722222,4.032626906,4.112326145,135,4.213132008,0.480439957,0.466666667,45,0.565,4.69280991,4.290322581,165,5.085106383,2.833170559,2.056191467,0,3.981487603,4.032626906,4.112326145,135,4.213132008,1.345332781,1.189189189,120,1.833333333,1.43893721,1.305332359,120,1.669722222,4.032626906,4.112326145,135,4.213132008
3,85,3,197,0,18,6,205,2,205.4,2.105882353,0.705950493,-1,0.930235477,5.582747848,0.787037037,27587.47059,27048,22680,-0.006589853,38.898,7762.350341,0.009990461,1.939271495,-0.093090533,4.670580463,5.807937609,2.842105263,105,9.823529412,-0.112247903,-0.653276956,0,0.666488889,0.412883974,0.293137255,0,0.646766169,0.051237792,0.041975309,60,0.064446367,2.53127921,2.241493384,120,2.926254325,4.491161178,4.189645564,150,4.757729487,0.322022422,0.166702156,0,0.611940299,4.916623942,4.882352941,0,5.223880597,4.317179232,1.98615917,0,8.352862553,4.491161178,4.189645564,150,4.757729487,2.056884282,1.333333333,105,2.941176471,2.53127921,2.241493384,120,2.926254325,4.491161178,4.189645564,150,4.757729487
4,17,0.5,253,0,3,6,254,2,254.0588235,2.352941176,1.187250009,-1,0.875726736,3.734521665,0.944444444,23718.35294,23539,23539,-1.495610613,13.414,5187.735627,-0.726968996,2.959076111,-4.909148369,13.33387306,NaN,NaN,60,8.666666667,NaN,NaN,105,0.615384615,NaN,NaN,105,0.666666667,NaN,NaN,120,0.25,NaN,NaN,60,2.222222222,1.564734633,0,90,3.75,NaN,NaN,105,0.64,NaN,NaN,120,7.5,NaN,NaN,105,5.04,1.564734633,0,90,3.75,NaN,NaN,60,2.666666667,NaN,NaN,60,2.222222222,1.564734633,0,90,3.75
5,243,1.222222222,211,0,22,18,221,8,222.0987654,8.600823045,0.71656542,-1,0.868432132,6.221730151,0.613636364,28060.37037,27887,14887,0.432589564,65.28,9550.303563,0.163687368,1.96291267,0.82309338,5.006225097,4.250648421,3.19375,120,5.853107345,0.188755816,-0.021140291,15,0.46534581,0.482895164,0.494585448,45,0.545114943,0.031530022,0.029794218,15,0.034688146,2.625770394,2.558900524,60,2.699211045,5.127877689,5.071105095,75,5.207087896,0.413762869,0.351148329,15,0.499264706,5.117799385,5.079545455,105,5.252808989,6.252433155,5.121480874,15,7.755036157,5.127877689,5.071105095,75,5.207087896,1.657939266,1.40625,120,2.033898305,2.625770394,2.558900524,60,2.699211045,5.127877689,5.071105095,75,5.207087896
6,484,0.925925926,51,1,25,27,63,14,62.51239669,14.08057851,0.921361089,-1,0.625635313,7.366399603,0.717037037,33593.56612,33223.5,18053,0.970272356,81.248,12137.06455,0.187095742,2.480151134,1.402546967,8.589046061,2.883352329,2.416256158,30,3.594805195,0.320548766,0.275370317,135,0.511037352,0.551634573,0.531821998,105,0.601291364,0.04142055,0.037675513,105,0.045002316,2.127373834,2.036604705,150,2.212958838,4.947490533,4.896197066,0,5.018540171,0.504261931,0.474710783,105,0.564266541,5.520281339,5.460591133,30,5.568831169,5.626143008,5.271421291,135,6.597993082,4.947490533,4.896197066,0,5.018540171,1.287387511,1.179802956,30,1.47012987,2.127373834,2.036604705,150,2.212958838,4.947490533,4.896197066,0,5.018540171
7,353,0.909090909,236,3,20,22,245,13,245.7592068,13.98583569,0.913258635,-1,0.650117373,6.481196617,0.802272727,32760.65156,33832,34901,-0.921607764,69.694,8956.862905,-0.432944798,2.480498915,-2.533721544,9.011801918,2.646047433,2.233215548,150,3.344827586,0.276682467,0.221093768,45,0.503918576,0.565080105,0.567615658,45,0.601783724,0.049857143,0.049996694,75,0.052824019,1.833865969,1.788127447,30,1.933445745,4.733524796,4.735402325,105,4.801744864,0.521580714,0.492764673,75,0.567069746,7.195979997,7.201413428,150,7.237547893,4.689416443,4.424158762,45,5.576514804,4.733524796,4.735402325,105,4.801744864,1.223321145,1.183098592,120,1.4,1.833865969,1.788127447,30,1.933445745,4.733524796,4.735402325,105,4.801744864
8,485,1.304347826,170,5,30,23,184,16,183.9938144,15.63505155,0.838654738,-1,0.688007471,7.37959589,0.702898551,37516.64742,38640,26568,0.075895737,85.248,9279.198611,-0.296578273,2.095054902,-1.471520027,5.972744508,1.764408131,1.710182768,150,2.3625,0.481501923,0.513523372,45,0.596871803,0.612718588,0.611646586,45,0.650573301,0.06300725,0.059184012,15,0.067895138,1.699762964,1.663891723,135,1.750972565,4.395444539,4.389728473,150,4.505426447,0.576714421,0.576144578,45,0.623731753,5.540338936,5.503836317,30,5.614395887,5.034643727,5.00758051,90,5.343310367,4.395444539,4.389728473,150,4.505426447,0.998803812,0.968668407,150,1.2025,1.699762964,1.663891723,135,1.750972565,4.395444539,4.389728473,150,4.505426447
9,46,1,156,16,8,8,159,19,159.4782609,19.91304348,1.119236052,-1,0.363143836,5.306170652,0.71875,17633.67391,17051,8163,-1.003493593,22.726,4815.28791,-0.072009274,2.067529533,-0.602372025,5.404080814,5.390478581,4.652173913,165,8.142857143,-0.213135896,-0.827751196,45,0.629865213,0.458011657,0.388666667,45,0.641025641,0.057877202,0.049149338,165,0.070294785,2.263814518,2.138504155,30,2.54,4.265448304,4.106936732,15,4.572623664,0.379055558,0.288488688,45,0.603846154,5.035595678,5.181818182,15,5.318181818,3.66477949,1.817174515,30,8.16,4.265448304,4.106936732,15,4.572623664,1.877054496,1.5,105,2.363636364,2.263814518,2.138504155,30,2.54,4.265448304,4.106936732,15,4.572623664
10,255,1,213,14,19,19,222,23,221.9372549,22.63137255,0.881867946,-1,0.792363431,6.234958365,0.706371191,31151.96863,31098,25237,0.812922198,60.28,8928.742584,0.159604648,2.246454959,1.052961176,6.995846851,2.37124434,2.270114943,150,3.014851485,0.334888478,0.257138887,90,0.508582959,0.557979683,0.534075908,75,0.61143617,0.048120723,0.048574111,45,0.052520776,1.78522191,1.765563785,105,1.833615677,4.586366553,4.565213721,30,4.690603032,0.512219653,0.484333139,75,0.579036295,4.837298989,4.811881188,30,4.913294798,4.769643302,4.384578104,90,5.473038465,4.586366553,4.565213721,30,4.690603032,1.205217591,1.132183908,150,1.410891089,1.78522191,1.765563785,105,1.833615677,4.586366553,4.565213721,30,4.690603032
11,103,1.3,243,24,13,10,249,28,248.2815534,28.61165049,0.929715414,-1,0.71567193,5.647726562,0.792307692,30870.26214,31436,27887,0.206701749,37.312,7026.904937,-0.108268801,2.386428413,-0.734641347,7.594162552,3.478790386,2.983333333,165,4.305555556,-0.172607572,-0.271462353,45,0.119599818,0.509399642,0.472564103,60,0.541818182,0.059063512,0.06,150,0.069349112,1.48694426,1.422364263,30,1.538925596,4.364027981,4.437924268,90,4.500251573,0.446694503,0.396519318,60,0.484278075,4.703327728,4.728571429,45,4.818181818,2.468986654,2.169183673,45,3.391184573,4.364027981,4.437924268,90,4.500251573,1.48511308,1.383333333,165,1.694444444,1.48694426,1.422364263,30,1.538925596,4.364027981,4.437924268,90,4.500251573
12,326,1.047619048,189,25,22,21,199,35,199.1441718,35.13496933,0.964329393,-1,0.394636699,5.923426081,0.705627706,26911.30982,26568,20522,0.571382785,65.178,6118.946541,0.251593838,2.334912957,1.778862813,7.948755122,2.00270433,1.828793774,60,2.529880478,0.211302976,0.228577483,135,0.407301122,0.575246844,0.575373134,135,0.614889706,0.061146146,0.06118185,60,0.064967223,1.270345318,1.271799445,15,1.290776706,4.254129299,4.261033608,15,4.307051977,0.532591767,0.534174715,135,0.582720588,3.621632331,3.59765625,30,3.670634921,3.078676941,3.107972266,135,3.552862781,4.254129299,4.261033608,15,4.307051977,1.111730283,1.073929961,60,1.28685259,1.270345318,1.271799445,15,1.290776706,4.254129299,4.261033608,15,4.307051977
13,403,0.916666667,220,27,22,24,230,38,230.0347395,37.81637717,0.936872055,-1,0.583111576,6.396494797,0.763257576,36251.08685,37450,32897,0.925210162,73.522,7388.560384,-0.325675655,2.626861172,-1.72109579,9.664345005,1.701721758,1.539877301,30,2.116129032,0.30811781,0.272607939,135,0.492929307,0.602833514,0.570454545,135,0.65821256,0.073281648,0.07164371,135,0.082310439,1.229140946,1.237087032,150,1.251401964,4.176085504,4.171986935,60,4.252679066,0.569020459,0.534242424,135,0.633623188,4.93240978,4.863221884,60,4.980769231,3.214842027,3.080266299,135,3.652543583,4.176085504,4.171986935,60,4.252679066,1.001859381,0.926380368,30,1.167741935,1.229140946,1.237087032,150,1.251401964,4.176085504,4.171986935,60,4.252679066
14,255,1.052631579,166,30,20,19,175,39,175.4039216,38.50196078,0.909721791,-1,0.799700605,6.755515853,0.671052632,24145.72941,21623,17335,-0.754811325,59.35,9534.193348,0.937707551,3.60699618,7.687153918,23.65888948,2.621033268,2.280788177,150,3.554285714,0.33431456,0.313313435,45,0.530679223,0.570517511,0.552094241,45,0.655913978,0.061782397,0.058629222,90,0.071268902,1.961595924,1.861502549,165,2.086513977,4.554106768,4.434654065,165,4.695723811,0.528337283,0.50643908,45,0.625779344,3.728516964,3.737623762,165,3.781914894,5.225350428,5.337079576,45,6.026970205,4.554106768,4.434654065,165,4.695723811,1.208394026,1.0591133,150,1.462857143,1.961595924,1.861502549,165,2.086513977,4.554106768,4.434654065,165,4.695723811
15,214,0.75,241,30,15,20,248,39,249.2757009,40.5,0.800289288,-1,0.543764763,5.988886238,0.713333333,30831.86916,31098,27048,1.492557547,57.968,7516.597867,-0.162456227,3.086252412,-1.568990173,13.53047243,2.201593314,1.98089172,90,2.664705882,0.146052038,0.202046698,135,0.323740477,0.55553581,0.590020576,45,0.608333333,0.071352206,0.07258802,45,0.083945313,1.288991924,1.214379894,90,1.541617647,4.263787589,4.178014866,90,4.539669195,0.509357655,0.55617284,45,0.5625,5.953298796,5.853503185,90,6.1,2.954374381,2.876627855,90,3.501764706,4.263787589,4.178014866,90,4.539669195,1.183678941,1.127388535,90,1.323529412,1.288991924,1.214379894,90,1.541617647,4.263787589,4.178014866,90,4.539669195
16,189,0.571428571,209,32,12,21,214,42,215.0687831,41.94708995,0.820675935,-1,0.85135765,6.465773909,0.75,37975.53968,37450,26088,-1.486719474,53.796,10313.34112,0.08740044,1.74704802,0.386155849,3.967044323,2.544241174,2.106060606,30,3.81147541,0.345205729,0.33147706,135,0.558090186,0.551010143,0.491005291,105,0.647685185,0.057257227,0.052168367,135,0.067142857,1.937966268,1.881835937,15,2.019447594,4.472207594,4.3959291,30,4.548788049,0.501656701,0.447857143,135,0.618403361,4.963173422,4.884297521,60,5.104477612,5.207623898,5.135663265,135,5.993877551,4.472207594,4.3959291,30,4.548788049,1.24948016,1.03030303,30,1.680327869,1.937966268,1.881835937,15,2.019447594,4.472207594,4.3959291,30,4.548788049
17,237,0.75,51,44,15,20,58,53,58.10548523,53.14345992,0.96855387,-1,0.647212677,6.36374796,0.79,21392.4557,20962,16416,1.426829216,55.452,7000.987325,0.070055551,2.046418834,0.258419899,5.534446127,3.759868382,4.202312139,60,4.465517241,0.104400772,0.037619709,105,0.358694657,0.512760782,0.483614232,90,0.551475694,0.04190892,0.040078185,60,0.046274277,2.099206185,2.07458023,90,2.141682943,4.879696873,4.841742192,150,4.950281924,0.456474135,0.470391903,135,0.497917116,6.343095102,6.24852071,120,6.47752809,4.63695636,4.332028784,90,5.733398438,4.879696873,4.841742192,150,4.950281924,1.496715075,1.612716763,60,1.614942529,2.099206185,2.07458023,90,2.141682943,4.879696873,4.841742192,150,4.950281924
18,54,1,70,50,8,8,73,53,73.61111111,53.46296296,1.131980335,-1,0.486979462,5.495628243,0.84375,21188.33333,20072,15440,0.822040536,24.484,7337.314952,0.468692693,2.446368281,2.856211282,8.9299132,5.425947892,3.259259259,30,8.739130435,-0.20007173,-0.658131884,105,0.6021611,0.431082754,0.363690476,105,0.652777778,0.05825004,0.06122449,105,0.074444444,2.257838781,2.216735254,30,2.488185255,4.306987878,4.548526911,135,4.597678032,0.347486122,0.263235294,105,0.62,4.065964128,4.137931034,135,4.25,3.605407234,1.524234694,105,7.248888889,4.306987878,4.548526911,135,4.597678032,1.954868172,1.407407407,30,2.565217391,2.257838781,2.216735254,30,2.488185255,4.306987878,4.548526911,135,4.597678032
19,189,2.090909091,183,48,23,11,194,53,194.5820106,52.74603175,0.779177089,-1,0.899278232,6.669289218,0.747035573,40039.7037,39197,0,0.06128048,55.21,14331.02353,-0.355229572,3.138523939,-4.018076193,16.3465473,6.404431092,6.097014925,60,7.74137931,-0.00323265,-0.087226204,0,0.285098124,0.474908022,0.405922369,165,0.604754021,0.036892359,0.03552009,165,0.046708478,3.176953509,3.047268323,60,3.406361474,5.037582976,5.107905457,120,5.21129826,0.408687735,0.320996688,165,0.575776961,9.19409073,9.201438849,45,9.394160584,6.303382945,6.015572707,0,7.835634451,5.037582976,5.107905457,120,5.21129826,1.899350658,1.679104478,60,2.310344828,3.176953509,3.047268323,60,3.406361474,5.037582976,5.107905457,120,5.21129826
20,43,0.6,250,51,6,10,252,55,253.2093023,56.04651163,0.888859415,-1,0.861779715,4.693479289,0.716666667,19585.02326,19150,16299,1.397534951,24.656,4790.187919,-0.07335609,2.442559398,-1.041404514,7.944846856,3.835488116,2.714285714,60,6,-0.238263718,-0.634615385,135,0.3470865,0.489652004,0.474509804,135,0.602272727,0.083107441,0.065,30,0.11,1.532027843,1.392857143,60,1.775510204,3.853108735,3.770942422,75,4.177566232,0.419955362,0.383391003,135,0.559090909,5.319368146,5.518518519,0,5.714285714,2.292623256,1.04,120,4.0275,3.853108735,3.770942422,75,4.177566232,1.591281135,1.28,15,2,1.532027843,1.392857143,60,1.775510204,3.853108735,3.770942422,75,4.177566232
21,259,1,56,57,20,20,65,66,65.49420849,66.77992278,0.832614374,-1,0.851331414,7.021723575,0.6475,26136.58687,26951,13084,0.767228789,62.522,8462.077216,0.043812762,2.299386758,0.830631159,7.318666162,2.922336224,1.976076555,30,4.333333333,0.215781465,-0.031180366,135,0.631421702,0.541740194,0.478951368,135,0.663499246,0.052747596,0.047741185,120,0.063425746,1.889689806,1.798476454,120,2.0153442,4.643660701,4.693972045,0,4.762550808,0.490413674,0.410517305,135,0.639978706,5.057876258,5.020100503,0,5.165,4.636423001,3.518220914,135,6.529227493,4.643660701,4.693972045,0,4.762550808,1.319885245,0.933014354,30,1.748538012,1.889689806,1.798476454,120,2.0153442,4.643660701,4.693972045,0,4.762550808
22,278,1,216,59,19,19,225,68,225.3093525,68.63669065,0.961408976,-1,0.213344663,6.920180382,0.770083102,25890.28058,25219,20522,-0.431331214,60.28,9112.955117,0.115665497,2.141396803,0.731289133,5.925302651,1.702755939,1.198156682,15,2.283105023,0.602373951,0.467367273,90,0.739380215,0.61436367,0.572897898,90,0.678355958,0.051044646,0.046537812,105,0.060555544,2.156199695,2.084392758,60,2.272927383,4.54969008,4.602281743,150,4.715871358,0.581984302,0.529623741,90,0.657466063,4.49903027,4.450236967,60,4.606635071,6.922042842,6.11938867,75,7.789579033,4.54969008,4.602281743,150,4.715871358,0.978864485,0.813397129,30,1.218009479,2.156199695,2.084392758,60,2.272927383,4.54969008,4.602281743,150,4.715871358
23,233,0.636363636,242,60,14,22,248,70,249.6781116,70.24892704,0.851951535,-1,0.769529866,6.848703205,0.756493506,32375.46352,30686,19046,-1.472427868,58.624,9666.79348,0.346879167,2.060365786,1.463432999,5.428217887,2.666696908,2.559748428,60,3.563953488,0.373594923,0.365631004,0,0.52805775,0.560054444,0.538003663,135,0.613276836,0.047530055,0.048454293,135,0.050400587,2.125068276,2.08106576,90,2.216769748,4.656441351,4.577777926,90,4.740878734,0.508484704,0.489338235,0,0.572478992,4.229790084,4.238095238,90,4.364583333,5.833576195,6.054578993,0,6.359977324,4.656441351,4.577777926,90,4.740878734,1.257605572,1.188679245,60,1.610465116,2.125068276,2.08106576,90,2.216769748,4.656441351,4.577777926,90,4.740878734
24,155,1,229,75,15,15,236,82,236.5612903,82.00645161,0.960247907,-1,0.745724192,6.656517308,0.688888889,31603.86452,30134,27580,-0.835150979,45.038,10122.11475,0.477442836,2.275060184,2.337656104,6.930559441,2.566521478,1.842105263,150,3.75,0.418774423,0.378266056,45,0.678931013,0.542018721,0.463461538,75,0.669130435,0.053320842,0.051451553,75,0.063327032,2.190516894,2.045538752,165,2.307299371,4.57042294,4.492326059,120,4.666450879,0.489766375,0.391320049,75,0.636163683,4.00620825,3.788617886,135,4.205607477,6.195546099,6.256790986,45,7.142309472,4.57042294,4.492326059,120,4.666450879,1.274340542,0.947368421,150,1.708333333,2.190516894,2.045538752,165,2.307299371,4.57042294,4.492326059,120,4.666450879
25,68,0.4,250,81,6,15,252,88,252.9411765,87.61764706,0.754386276,-1,0.903202098,5.852168724,0.755555556,26385.13235,26624.5,28097,-1.503465649,33.656,4665.732872,0.149364754,2.510207864,1.283146522,8.483009002,2.498167196,1.545454545,165,3.230769231,-0.212190604,-0.523012552,45,0.387832048,0.570546405,0.544761905,45,0.662280702,0.102566555,0.074759945,120,0.147460938,1.035015406,0.980224609,30,1.191015089,3.69115843,3.2586633,30,3.980215393,0.52593246,0.500504202,45,0.634210526,3.368316615,3.407407407,90,3.56,1.641894426,0.930612245,45,2.80401662,3.69115843,3.2586633,30,3.980215393,1.199046936,1,0,1.407407407,1.035015406,0.980224609,30,1.191015089,3.69115843,3.2586633,30,3.980215393
26,147,1.076923077,227,92,14,13,233,98,233.2653061,98.04081633,0.966156985,-1,0.501853681,5.699784511,0.807692308,44224.65986,44924,65431,-0.905878259,43.726,17372.88334,-0.128914277,1.557288144,-0.558903832,2.792809094,6.449565014,3.828282828,150,10.47311828,0.282562613,-0.05503423,75,0.653416224,0.45868548,0.370304233,90,0.608967512,0.045963151,0.041045208,60,0.054739312,4.495713998,4.499877463,75,4.67850904,4.877047203,4.860143132,135,5.002606849,0.376975152,0.262919934,90,0.56309777,7.401274695,7.363636364,150,7.569892473,11.53329098,8.504460347,75,15.47104551,4.877047203,4.860143132,135,5.002606849,2.018401347,1.525252525,150,2.774193548,4.495713998,4.499877463,75,4.67850904,4.877047203,4.860143132,135,5.002606849
27,274,1.111111111,88,95,20,18,97,103,96.96350365,103.7627737,0.966271264,-1,0.600986905,6.961132519,0.761111111,24868.31022,23742.5,9748,-0.488560297,59.694,8919.20569,0.659035965,3.024242598,4.718465906,14.7489891,2.210921941,2.052380952,150,3.144278607,0.437414555,0.385825133,45,0.591202467,0.576551052,0.569058642,45,0.632227139,0.053687665,0.051022377,45,0.061359543,1.956584734,1.852189821,120,2.110047726,4.630456272,4.61219353,120,4.833808184,0.536482074,0.525328892,45,0.606350859,4.343410987,4.215962441,120,4.472361809,5.615416994,5.585206612,90,6.224233558,4.630456272,4.61219353,120,4.833808184,1.131526947,1.061032864,120,1.336683417,1.956584734,1.852189821,120,2.110047726,4.630456272,4.61219353,120,4.833808184
28,137,1,226,105,13,13,232,111,231.9270073,110.3357664,0.988819276,-1,0.373103122,6.504716663,0.810650888,33213.55474,32897,22563,0.459652563,41.726,10298.16635,0.319859981,2.453648581,2.064036711,8.635765767,2.656602292,2.540229885,120,3.022222222,0.261326122,0.374964128,45,0.435094054,0.531378229,0.538659794,135,0.57996633,0.048426154,0.048623658,135,0.058565453,1.799644032,1.712222222,60,1.897212313,4.603902383,4.618918022,105,4.681266675,0.475335339,0.488659794,135,0.531313131,4.252434645,4.206185567,75,4.357894737,4.541973837,4.888480767,45,5.237963652,4.603902383,4.618918022,105,4.681266675,1.315508186,1.355555556,60,1.448275862,1.799644032,1.712222222,60,1.897212313,4.603902383,4.618918022,105,4.681266675
29,82,1.1,42,118,11,10,47,122,47.53658537,122.6829268,0.986952011,-1,0.472272465,5.618171633,0.745454545,20566.52439,19217,17118,0.870411649,32.312,5590.050674,0.359600498,1.922282391,1.360284332,4.825577636,3.318310699,2.391304348,60,4.674418605,0.149683861,0.059876326,135,0.524665322,0.524200095,0.546,135,0.635802469,0.062673221,0.050557478,0,0.07433432,1.957842413,1.843137255,0,2.106139053,4.274979143,4.219483355,90,4.434092442,0.467513836,0.486705882,135,0.6,4.015542498,4,0,4.192307692,4.513058952,3.437065972,165,5.7344,4.274979143,4.219483355,90,4.434092442,1.429030205,1.217391304,60,1.837209302,1.957842413,1.843137255,0,2.106139053,4.274979143,4.219483355,90,4.434092442
30,286,1.15,138,121,23,20,149,130,149.1888112,128.472028,0.806289864,-1,0.656118495,7.013218596,0.62173913,28831.34965,30109.5,17105,-0.561571228,66.764,8198.85043,-0.443900421,2.582694124,-2.472759775,9.828902513,3.091340516,2.561085973,120,3.942307692,0.098500809,0.037941392,45,0.352615381,0.537435565,0.509250765,0,0.594700801,0.058108479,0.053855399,30,0.062058516,1.720932345,1.611875053,0,1.855602436,4.545180136,4.540944977,165,4.588062044,0.48509828,0.451187264,0,0.556225643,7.173517848,7.048672566,90,7.334862385,3.792388864,2.874105715,0,4.913560185,4.545180136,4.540944977,165,4.588062044,1.357047377,1.154867257,105,1.560185185,1.720932345,1.611875053,0,1.855602436,4.545180136,4.540944977,165,4.588062044
31,234,0.857142857,151,127,18,21,159,137,160.5213675,138.1153846,0.809243527,-1,0.806737201,7.021892098,0.619047619,25197.71795,24569.5,30360,1.064688832,60.28,8162.259665,0.113067154,2.227028982,0.777779313,6.716621059,3.117985389,2.809782609,30,4.006451613,0.236422195,0.197251572,135,0.450009831,0.532195864,0.544476744,135,0.567813051,0.04234762,0.041627231,135,0.046289298,2.036668283,1.982152351,30,2.109979188,4.840665891,4.806816731,0,4.90293382,0.477075645,0.487824897,135,0.524961096,5.395214719,5.310344828,165,5.488505747,5.028687742,4.994591671,135,5.677388651,4.840665891,4.806816731,0,4.90293382,1.376638007,1.364130435,30,1.593548387,2.036668283,1.982152351,30,2.109979188,4.840665891,4.806816731,0,4.90293382
32,439,1.285714286,55,130,27,21,68,140,68.02733485,140.5398633,0.912256993,-1,0.637787381,6.763814662,0.774250441,27228.60364,26693,21587,0.057197078,77.764,7954.405416,0.876128209,5.460481747,14.91225114,66.96108753,2.034853587,2.196531792,150,2.459383754,0.065017024,0.00100082,0,0.243549368,0.612003364,0.592320261,15,0.66004364,0.094216832,0.089494621,15,0.106483533,1.088681358,1.026813459,150,1.151723434,3.964329646,3.961677382,150,4.040620101,0.579798835,0.55845368,15,0.629065056,4.347137268,4.335260116,150,4.364145658,2.319871847,2.118761899,0,2.741335163,3.964329646,3.961677382,150,4.040620101,1.023824029,1.075144509,150,1.131652661,1.088681358,1.026813459,150,1.151723434,3.964329646,3.961677382,150,4.040620101
33,717,0.8,22,127,28,35,35,144,36.55788006,144.595537,0.791971538,-1,0.589891126,6.942688467,0.731632653,24139.16457,23027,14871,1.289634093,106.662,9197.378918,1.160288715,4.933236208,13.96584001,51.17602304,1.516025635,1.373553719,60,2.040609137,0.491959683,0.398379213,165,0.634939942,0.651438083,0.647371274,165,0.68540305,0.082663615,0.080967703,135,0.087651729,1.495442353,1.442176871,120,1.543531423,4.099081387,4.092389994,60,4.209661658,0.627192809,0.620523121,165,0.66754133,3.043797264,3.025380711,150,3.085950413,4.465743779,4.329215695,135,4.976780749,4.099081387,4.092389994,60,4.209661658,0.868986034,0.851239669,60,1.021996616,1.495442353,1.442176871,120,1.543531423,4.099081387,4.092389994,60,4.209661658
34,160,1,92,138,15,15,99,145,98.98125,145.14375,0.948630207,-1,0.286495664,6.019685126,0.711111111,22553.56875,22942,6631,-0.776106217,46.038,7652.115125,0.136086084,2.541355383,1.150604697,8.828999752,3.767787135,3.666666667,30,4.481818182,0.081310161,0.139753004,135,0.24177279,0.503437334,0.464819376,0,0.530603448,0.044295757,0.043553875,15,0.051315398,2.050935133,1.962191358,30,2.127169421,4.853629934,4.904168214,75,4.99225018,0.440098929,0.451022774,135,0.477907905,5.735988666,5.611111111,30,5.863636364,4.435953397,4.210686683,165,5.182155009,4.853629934,4.904168214,75,4.99225018,1.534684874,1.481481481,30,1.7,2.050935133,1.962191358,30,2.127169421,4.853629934,4.904168214,75,4.99225018
35,280,1.5,48,146,27,18,61,154,61.61428571,154.5107143,0.655234829,-1,0.855250191,6.766157026,0.576131687,22584.69286,21671,23200,-0.343235483,73.28,6745.933467,0.897096042,3.887553299,8.159710072,26.7107812,1.933377959,1.902654867,105,2.165803109,0.279776679,0.356963753,135,0.438940035,0.613858925,0.583636364,135,0.674401914,0.081637649,0.076725207,135,0.092660424,1.34376704,1.305916673,105,1.397514027,4.120042637,4.106187053,75,4.193255222,0.583330232,0.553891403,135,0.650042218,3.343311775,3.351758794,0,3.421052632,3.441690199,3.779256198,135,4.000412078,4.120042637,4.106187053,75,4.193255222,1.010729846,0.967391304,30,1.132701422,1.34376704,1.305916673,105,1.397514027,4.120042637,4.106187053,75,4.193255222
36,199,1.058823529,93,160,18,17,101,168,101.4221106,168.2763819,0.843403247,-1,0.793021105,6.764147691,0.650326797,24810.84422,22200,16605,0.794533242,54.452,9597.142911,0.660562867,2.417759902,3.313609452,8.623646684,4.844223951,4.173228346,150,6.174496644,0.047140808,0.046547044,45,0.33526647,0.500008449,0.5046875,45,0.565610329,0.046130361,0.044941406,45,0.053139258,2.547441448,2.540606279,60,2.628309257,4.918724534,4.901296847,30,4.994585108,0.431544913,0.43248586,45,0.516659231,4.527145286,4.45625,45,4.591549296,5.345541842,5.248085937,45,6.9880976,4.918724534,4.901296847,30,4.994585108,1.706132945,1.511811024,150,1.959731544,2.547441448,2.540606279,60,2.628309257,4.918724534,4.901296847,30,4.994585108
37,122,1,106,177,12,12,111,182,111.1393443,181.942623,0.992017689,-1,0.309777209,6.440782932,0.847222222,23715.9918,23507,16513,0.686608474,39.312,6209.115523,0.053662239,2.167920813,0.256790262,6.348478144,3.758356962,2,30,6.405405405,0.056538232,-0.211509769,135,0.523524123,0.489130721,0.386711712,120,0.583114035,0.047378615,0.049515235,30,0.054236669,1.973341834,1.897333795,30,2.11431702,4.613667161,4.571972725,0,4.754762028,0.423005744,0.293567323,120,0.548916409,5.393781883,5.346666667,150,5.467532468,4.135010374,3.14569161,135,5.981176471,4.613667161,4.571972725,0,4.754762028,1.570700246,1.078947368,30,2.189189189,1.973341834,1.897333795,30,2.11431702,4.613667161,4.571972725,0,4.754762028
38,598,1,81,174,28,28,94,187,93.21906355,187.4498328,0.870047764,-1,0.046485714,7.040820882,0.762755102,18797.94314,17123.5,23458,0.22970482,92.936,7006.458008,0.963093254,3.584970044,7.677108051,23.06905665,1.776675598,1.757142857,150,2.127272727,0.473844075,0.421053603,90,0.611928795,0.614270145,0.60251938,45,0.651630789,0.070647268,0.070723289,45,0.07518545,1.699622823,1.612109726,75,1.822912146,4.357625594,4.361444097,120,4.395194729,0.582395376,0.571352029,45,0.627420283,3.554673103,3.561643836,135,3.59496124,5.021815695,4.538812186,75,5.846766694,4.357625594,4.361444097,120,4.395194729,0.988885622,0.985714286,150,1.141414141,1.699622823,1.612109726,75,1.822912146,4.357625594,4.361444097,120,4.395194729
39,232,1.055555556,7,185,19,18,16,193,14.67672414,193.7844828,0.851254713,-1,0.500167782,6.951721946,0.678362573,32224.64224,32160.5,21631,-0.192871566,58.522,11103.94845,0.087786234,2.048394435,0.451973903,5.351877935,3.796659067,3.432098765,30,5.16374269,0.137988909,-0.042942594,90,0.486910995,0.489443839,0.465913371,90,0.578952381,0.037966873,0.034440933,90,0.045616327,2.195395843,2.13976528,30,2.255198181,4.90851409,4.83918838,165,5.02521401,0.423724629,0.387322647,90,0.546352941,5.288940974,5.2,0,5.418079096,4.984924304,4.277187271,90,6.491428571,4.90851409,4.83918838,165,5.02521401,1.574600775,1.518518519,30,1.947368421,2.195395843,2.13976528,30,2.255198181,4.90851409,4.83918838,165,5.02521401
40,288,0.916666667,20,198,22,24,30,209,31,209.6145833,0.750988235,-1,0.882972893,6.879386417,0.545454545,45295.48958,46604.5,65277,-0.913581385,69.42,13604.91458,-0.396896682,2.34281753,-2.410194986,7.96292654,4.288092081,2,150,6.240837696,0.135218083,-0.176143549,45,0.74253229,0.528559048,0.464115646,45,0.656,0.043733752,0.040646259,45,0.054816,2.481316736,2.487953515,45,2.617804,4.798911323,4.850170962,0,4.91637681,0.471266714,0.393810921,45,0.6284,8.240442423,8.35483871,90,8.382222222,5.637174865,4.099433107,45,9.123216,4.798911323,4.850170962,0,4.91637681,1.534703261,1.075,150,1.905759162,2.481316736,2.487953515,45,2.617804,4.798911323,4.850170962,0,4.91637681
41,285,2.2,37,219,33,15,53,226,53.41052632,225.9894737,0.611620593,-1,0.951551745,6.933976215,0.575757576,34914.01404,35087,33050,-0.291041466,76.522,10116.64456,-0.140357378,2.0624005,-0.701630158,5.297107249,3.415318881,1.756521739,120,5.589595376,0.175601257,-0.160774265,15,0.780374366,0.520167041,0.451190476,15,0.693346509,0.044021675,0.039654027,15,0.060522739,2.057489802,1.950567108,120,2.192697718,4.730659372,4.780673993,150,4.884400888,0.463130475,0.378755407,15,0.67944664,5.460463766,5.553846154,165,5.557603687,4.814640326,3.579187296,15,7.657829368,4.730659372,4.780673993,150,4.884400888,1.444356705,1.017391304,120,1.971098266,2.057489802,1.950567108,120,2.192697718,4.730659372,4.780673993,150,4.884400888
42,268,0.678571429,230,222,19,28,239,235,239.5858209,234.3134328,0.649542071,-1,0.933249223,5.943038707,0.503759398,19998.16045,19606,18247,-1.067503949,72.006,5005.537663,0.588373676,3.066082286,4.731969841,15.65616629,2.505596545,1.428571429,150,3.906832298,0.087107378,-0.117685618,45,0.538328754,0.57651423,0.5442959,45,0.63679941,0.066199208,0.063341817,45,0.076288276,1.359402787,1.332548715,120,1.435826408,4.31554614,4.09849411,135,4.403150704,0.534837491,0.494812108,45,0.618141593,4.074380925,4.075471698,0,4.139784946,2.932014603,2.444222025,45,3.995555643,4.31554614,4.09849411,135,4.403150704,1.181980629,1.064039409,120,1.497076023,1.359402787,1.332548715,120,1.435826408,4.31554614,4.09849411,135,4.403150704
43,29,1.166666667,94,241,7,6,97,243,97.10344828,243.0689655,1.169023446,-1,0.482730127,4.582118926,0.69047619,15516.72414,15343,16408,0.182074686,17.656,3857.025296,0.311590281,2.177857951,1.42418236,6.318557141,4.199367531,3.307692308,45,6.333333333,-0.464438872,-0.833333333,0,0.096713615,0.457136563,0.411111111,165,0.522727273,0.105673151,0.095041322,75,0.172839506,1.417221034,1.563609467,45,1.854166667,3.420199112,3.772055209,135,3.950063756,0.383375153,0.32875817,165,0.472727273,3.420694352,3,165,4.363636364,1.469516605,0.446280992,0,3.455621302,3.420199112,3.772055209,135,3.950063756,1.711876781,1.272727273,75,2.111111111,1.417221034,1.563609467,45,1.854166667,3.420199112,3.772055209,135,3.950063756
44,81,0.9,225,246,9,10,229,250,228.9012346,250.7407407,1.054416944,-1,0.576007809,5.143948504,0.9,18504.95062,18525,14387,-1.06209591,31.07,3617.368558,-0.135956987,1.95943972,-0.899561464,5.238839997,2.739092234,1.096153846,165,4.108695652,-0.063274373,-0.442307692,90,0.63501881,0.522196487,0.416666667,75,0.682692308,0.076442081,0.068356722,150,0.1025,1.292135867,1.171475312,30,1.375590737,3.91817189,3.831117641,30,4.132046067,0.463888551,0.32826087,75,0.659615385,4.70444198,4.648148148,135,4.854166667,2.429451235,1.516339869,90,4.396776406,3.91817189,3.831117641,30,4.132046067,1.349608197,0.75,165,1.804347826,1.292135867,1.171475312,30,1.375590737,3.91817189,3.831117641,30,4.132046067
