OperationalInfo_ModelName,OperationalInfo_OS,OperationalInfo_Version,OperationalInfo_SubjectName,OperationalInfo_ExtractDate,OperationalInfo_Sex,OperationalInfo_StudyDate,OperationalInfo_Manufacturer,OperationalInfo_SubjectID,OperationalInfo_Modality,OperationalInfo_Age,OperationalInfo_BirthOfDate,Diagnostics_DiagnosticsInitialImageImageDimensionX,Diagnostics_DiagnosticsInitialImageImageDimensionY,Diagnostics_DiagnosticsInitialImageImageDimensionZ,Diagnostics_DiagnosticsInitialImageVoxelDimensionX,Diagnostics_DiagnosticsInitialImageVoxelDimensionY,Diagnostics_DiagnosticsInitialImageVoxelDimensionZ,Diagnostics_DiagnosticsInitialImageMeanIntensity,Diagnostics_DiagnosticsInitialImageMinimumIntensity,Diagnostics_DiagnosticsInitialImageMaximumIntensity,Diagnostics_DiagnosticsInterpolatedImageImageDimensionX,Diagnostics_DiagnosticsInterpolatedImageImageDimensionY,Diagnostics_DiagnosticsInterpolatedImageImageDimensionZ,Diagnostics_DiagnosticsInterpolatedImageVoxelDimensionX,Diagnostics_DiagnosticsInterpolatedImageVoxelDimensionY,Diagnostics_DiagnosticsInterpolatedImageVoxelDimensionZ,Diagnostics_DiagnosticsInterpolatedImageMeanIntensity,Diagnostics_DiagnosticsInterpolatedImageMinimumIntensity,Diagnostics_DiagnosticsInterpolatedImageMaximumIntensity,Diagnostics_DiagnosticsInitialROIMaskDimensionX,Diagnostics_DiagnosticsInitialROIMaskDimensionY,Diagnostics_DiagnosticsInitialROIMaskDimensionZ,Diagnostics_DiagnosticsInitialROIMaskBoundingBoxDimensionX,Diagnostics_DiagnosticsInitialROIMaskBoundingBoxDimensionY,Diagnostics_DiagnosticsInitialROIMaskBoundingBoxDimensionZ,Diagnostics_DiagnosticsInitialROIMorphMaskBoundingBoxDimensionX,Diagnostics_DiagnosticsInitialROIMorphMaskBoundingBoxDimensionY,Diagnostics_DiagnosticsInitialROIMorphMaskBoundingBoxDimensionZ,Diagnostics_DiagnosticsInitialROIIntMaskVoxelCount,Diagnostics_DiagnosticsInitialROIMorphMaskVoxelCount,Diagnostics_DiagnosticsInitialROIIntMaskMeanIntensity,Diagnostics_DiagnosticsInitialROIIntMaskMinimumIntensity,Diagnostics_DiagnosticsInitialROIIntMaskMaximumIntensity,Diagnostics_DiagnosticsInterpolatedROIIntMaskDimensionX,Diagnostics_DiagnosticsInterpolatedROIIntMaskDimensionY,Diagnostics_DiagnosticsInterpolatedROIIntMaskDimensionZ,Diagnostics_DiagnosticsInterpolatedROIIntMaskBoundingBoxDimensionX,Diagnostics_DiagnosticsInterpolatedROIIntMaskBoundingBoxDimensionY,Diagnostics_DiagnosticsInterpolatedROIIntMaskBoundingBoxDimensionZ,Diagnostics_DiagnosticsInterpolatedROIMorphMaskBoundingBoxDimensionX,Diagnostics_DiagnosticsInterpolatedROIMorphMaskBoundingBoxDimensionY,Diagnostics_DiagnosticsInterpolatedROIMorphMaskBoundingBoxDimensionZ,Diagnostics_DiagnosticsInterpolatedROIIntMaskVoxelCount,Diagnostics_DiagnosticsInterpolatedROIMorphMaskVoxelCount,Diagnostics_DiagnosticsInterpolatedROIIntMaskMeanIntensity,Diagnostics_DiagnosticsInterpolatedROIIntMaskMinimumIntensity,Diagnostics_DiagnosticsInterpolatedROIIntMaskMaximumIntensity,Diagnostics_DiagnosticsResegmentedROIIntMaskDimensionX,Diagnostics_DiagnosticsResegmentedROIIntMaskDimensionY,Diagnostics_DiagnosticsResegmentedROIIntMaskDimensionZ,Diagnostics_DiagnosticsResegmentedROIIntMaskBoundingBoxDimensionX,Diagnostics_DiagnosticsResegmentedROIIntMaskBoundingBoxDimensionY,Diagnostics_DiagnosticsResegmentedROIIntMaskBoundingBoxDimensionZ,Diagnostics_DiagnosticsResegmentedROIMorphMaskBoundingBoxDimensionX,Diagnostics_DiagnosticsResegmentedROIMorphMaskBoundingBoxDimensionY,Diagnostics_DiagnosticsResegmentedROIMorphMaskBoundingBoxDimensionZ,Diagnostics_DiagnosticsResegmentedROIIntMaskVoxelCount,Diagnostics_DiagnosticsResegmentedROIMorphMaskVoxelCount,Diagnostics_DiagnosticsResegmentedROIIntMaskMeanIntensity,Diagnostics_DiagnosticsResegmentedROIIntMaskMinimumIntensity,Diagnostics_DiagnosticsResegmentedROIIntMaskMaximumIntensity,Morphology_VolumeMesh,Morphology_VolumeVoxelCounting,Morphology_SurfaceAreaMesh,Morphology_SurfaceToVolumeRatio,Morphology_Compactness1,Morphology_Compactness2,Morphology_SphericalDisproportion,Morphology_Sphericity,Morphology_Asphericity,Morphology_CentreOfMassShift,Morphology_Maximum3DDiameter,Morphology_MajorAxisLength,Morphology_MinorAxisLength,Morphology_LeastAxisLength,Morphology_Elongation,Morphology_Flatness,Morphology_VolumeDensity_AxisAlignedBoundingBox,Morphology_AreaDensity_AxisAlignedBoundingBox,Morphology_VolumeDensity_ApproximateEnclosingEllipsoid,Morphology_AreaDensity_ApproximateEnclosingEllipsoid,Morphology_VolumeDensity_ConvexHull,Morphology_AreaDensity_ConvexHull,Morphology_IntegratedIntensity,LocalIntensity_LocalIntensityPeak,LocalIntensity_GlobalIntensityPeak,IntensityBasedStatistical_Mean,IntensityBasedStatistical_Variance,IntensityBasedStatistical_Skewness,IntensityBasedStatistical_Kurtosis,IntensityBasedStatistical_Median,IntensityBasedStatistical_Minimum,IntensityBasedStatistical_Percentile10,IntensityBasedStatistical_Percentile90,IntensityBasedStatistical_Maximum,IntensityBasedStatistical_Interquartile,IntensityBasedStatistical_Range,IntensityBasedStatistical_MeanAbsoluteDeviation,IntensityBasedStatistical_RobustMeanAbsoluteDeviation,IntensityBasedStatistical_MedianAbsoluteDeviation,IntensityBasedStatistical_CoefficientOfVariation,IntensityBasedStatistical_QuartileCoefficientOfDispersion,IntensityBasedStatistical_Energy,IntensityBasedStatistical_RootMeanSquared,IntensityBasedStatistical_TotalEnergy,IntensityBasedStatistical_StandardDeviation,IntensityBasedStatistical_StandardError,IntensityHistogram_MeanDiscretisedIntensity,IntensityHistogram_Variance,IntensityHistogram_Skewness,IntensityHistogram_Kurtosis,IntensityHistogram_Median,IntensityHistogram_Minimum,IntensityHistogram_Percentile10,IntensityHistogram_Percentile90,IntensityHistogram_Maximum,IntensityHistogram_Mode,IntensityHistogram_Interquartile,IntensityHistogram_Range,IntensityHistogram_MeanAbsoluteDeviation,IntensityHistogram_RobustMeanAbsoluteDeviation,IntensityHistogram_MedianAbsoluteDeviation,IntensityHistogram_CoefficientOfVariation,IntensityHistogram_QuartileCoefficientOfDispersion,IntensityHistogram_Entropy,IntensityHistogram_Uniformity,IntensityHistogram_MaximumHistogramGradient,IntensityHistogram_MaximumHistogramGradientIntensity,IntensityHistogram_MinimumHistogramGradient,IntensityHistogram_MinimumHistogramGradientIntensity,IntensityVolumeHistogram_VolumeAtIntensityFraction10,IntensityVolumeHistogram_VolumeAtIntensityFraction90,IntensityVolumeHistogram_IntensityAtVolumeFraction10,IntensityVolumeHistogram_IntensityAtVolumeFraction90,IntensityVolumeHistogram_VolumeFractionDifferenceBetweenIntensityFractions,IntensityVolumeHistogram_IntensityFractionDifferenceBetweenVolumeFractions,Shape2D_PixelSurface,Shape2D_Perimeter,Shape2D_PerimeterToPixelSurfaceRatio,Shape2D_Sphericity,Shape2D_Circularity,Shape2D_SphericalDisproportion,Shape2D_FerretAngle,GLCM_JointMaximum,GLCM_JointAverage,GLCM_JointVariance,GLCM_JointEntropy,GLCM_DifferenceAverage,GLCM_DifferenceVariance,GLCM_DifferenceEntropy,GLCM_SumAverage,GLCM_SumVariance,GLCM_SumEntropy,GLCM_AngularSecondMoment,GLCM_Contrast,GLCM_Dissimilarity,GLCM_InverseDifference,GLCM_NormalizedInverseDifference,GLCM_InverseDifferenceMoment,GLCM_NormalizedInverseDifferenceMoment,GLCM_InverseVariance,GLCM_Correlation,GLCM_Autocorrection,GLCM_ClusterTendency,GLCM_ClusterShade,GLCM_ClusterProminence,GLCM_InformationalMeasureOfCorrelation1,GLCM_InformationalMeasureOfCorrelation2,GLRLM_ShortRunEmphasis,GLRLM_LongRunEmphasis,GLRLM_LowGrayLevelRunEmphasis,GLRLM_HighGrayLevelRunEmphasis,GLRLM_ShortRunLowGrayLevelEmphasis,GLRLM_ShortRunHighGrayLevelEmphasis,GLRLM_LongRunLowGrayLevelEmphasis,GLRLM_LongRunHighGrayLevelEmphasis,GLRLM_GrayLevelNonUniformity,GLRLM_GrayLevelNonUniformityNormalized,GLRLM_RunLengthNonUniformity,GLRLM_RunLengthNonUniformityNormalized,GLRLM_RunPercentage,GLRLM_GrayLevelVariance,GLRLM_RunLengthVariance,GLRLM_RunEntropy,GLSZM_SmallZoneEmphasis,GLSZM_LargeZoneEmphasis,GLSZM_LowGrayLevelZoneEmphasis,GLSZM_HighGrayLevelZoneEmphasis,GLSZM_SmallZoneLowGrayLevelEmphasis,GLSZM_SmallZoneHighGrayLevelEmphasis,GLSZM_LargeZoneLowGrayLevelEmphasis,GLSZM_LargeZoneHighGrayLevelEmphasis,GLSZM_GrayLevelNonUniformity,GLSZM_GrayLevelNonUniformityNormalized,GLSZM_SizeZoneNonUniformity,GLSZM_SizeZoneNonUniformityNormalized,GLSZM_ZonePercentage,GLSZM_GrayLevelVariance,GLSZM_ZoneSizeVariance,GLSZM_ZoneSizeEntropy,GLDZM_SmallDistanceEmphasis,GLDZM_LargeDistanceEmphasis,GLDZM_LowGrayLevelZoneEmphasis,GLDZM_HighGrayLevelZoneEmphasis,GLDZM_SmallDistanceLowGrayLevelEmphasis,GLDZM_SmallDistanceHighGrayLevelEmphasis,GLDZM_LargeDistanceLowGrayLevelEmphasis,GLDZM_LargeDistanceHighGrayLevelEmphasis,GLDZM_GrayLevelNonUniformity,GLDZM_GrayLevelNonUniformityNormalized,GLDZM_ZoneDistanceNonUniformity,GLDZM_ZoneDistanceNonUniformityNormalized,GLDZM_ZonePercentage,GLDZM_GrayLevelVariance,GLDZM_ZoneDistanceVariance,GLDZM_ZoneDistanceEntropy,NGTDM_Coarseness,NGTDM_Contrast,NGTDM_Busyness,NGTDM_Complexity,NGTDM_Strength,NGLDM_LowDependenceEmphasis,NGLDM_HighDependenceEmphasis,NGLDM_LowGrayLevelCountEmphasis,NGLDM_HighGrayLevelCountEmphasis,NGLDM_LowDependenceLowGrayLevelEmphasis,NGLDM_LowDependenceHighGrayLevelEmphasis,NGLDM_HighDependenceLowGrayLevelEmphasis,NGLDM_HighDependenceHighGrayLevelEmphasis,NGLDM_GrayLevelNonUniformity,NGLDM_GrayLevelNonUniformityNormalized,NGLDM_DependenceCountNonUniformity,NGLDM_DependenceCountNonUniformityNormalized,NGLDM_GrayLevelVariance,NGLDM_DependenceCountVariance,NGLDM_DependenceCountEntropy,NGLDM_DependenceCountEnergy,Fractal_Capacity
NaN,win,2.1.1,NaN,20240129,NaN,NaN,NaN,NaN,NaN,NaN,NaN,25,13,1,1,1,1,24701.145,0,58033,25,13,1,1,1,1,24701.145,0,58033,25,13,1,25,13,1,25,13,1,234,234,34307.145,10926,58033,25,13,1,25,13,1,25,13,1,234,234,34307.145,10926,58033,25,13,1,25,13,1,25,13,1,234,234,34307.145,10926,58033,206.134,234,489.616,2.375,0.011,0.041,2.901,0.345,1.901,0.780,25.373,25.201,12.682,0,0.503,0,0.634,0.674,20666439.273,0.801,0.948,0.958,7071878.080,38533.438,44295.448,34307.145,122923944.287,0.096,-0.728,33413.000,10926,19731,50313,58033,15848,47107,9015.860,6602.627,8993.940,0.323,0.230,304177574110.000,36054.184,304177574110.000,11087.107,724.787,16.393,56.598,0.105,-0.717,16.000,1,6,27,32,15,11,31,6.121,4.588,6.094,0.459,0.333,4.798,0.040,4,26,-3,24,0.957,0.051,50314,19732,0.906,30582,234,64.870,3.607,0.836,0.699,1.196,168.690,0.005,5.205,16.832,2.357,0.874,1.492,0.903,10.410,63.283,1.723,0.002,4.044,0.874,0.115,0.284,0.087,0.304,0.090,0.270,102.866,63.283,36.541,29658.156,-0.120,0.304,0.977,1.105,0.018,324.304,0.017,315.943,0.019,361.475,8.996,0.040,215.281,0.944,0.970,56.427,0.035,4.909,0.723,3.224,0.020,308.526,0.016,209.927,0.044,1073.803,6.250,0.041,73.882,0.486,0.650,52.947,0.854,5.687,0.410,9.829,0.020,308.526,0.016,95.062,0.060,4156.086,6.250,0.041,31.737,0.209,0.650,52.947,2.553,6.403,0.087,0.146,0.029,467.686,30.364,0.546,3.846,0.017,325.333,0.011,163.854,0.048,1327.778,9.265,0.040,86.137,0.368,56.598,0.686,6.030,0.017,0.897
NaN,win,2.1.1,NaN,20240129,NaN,NaN,NaN,NaN,NaN,NaN,NaN,25,13,1,1,1,1,8943.117,0,53976,25,13,1,1,1,1,8943.117,0,53976,25,13,1,15,7,1,15,7,1,74,74,39277.203,21208,53976,25,13,1,15,7,1,15,7,1,74,74,39277.203,21208,53976,25,13,1,15,7,1,15,7,1,74,74,39277.203,21208,53976,49.277,74,139.151,2.824,0.017,0.102,2.141,0.467,1.141,0.400,14.743,15.296,6.621,0,0.433,0,0.520,0.600,15589105.900,0.744,0.916,0.942,1935447.901,27004.582,38347.209,39277.203,72260507.621,-0.047,-0.947,39184.500,21208,28645,52023,53976,13004,32768,7257.986,5687.933,7257.986,0.216,0.167,119506977823.000,40186.554,119506977823.000,8500.618,988.177,18.176,69.415,-0.054,-0.983,18.000,1,8,31,32,14,13,31,7.126,6.031,7.122,0.458,0.371,4.504,0.051,3,13,-3,15,0.959,0.135,52024,28646,0.824,23378,74,37.556,1.970,0.812,0.659,1.232,172.405,0.012,5.854,20.343,1.980,1.228,4.307,1.017,11.709,71.973,1.562,0.004,9.400,1.228,0.109,0.276,0.083,0.299,0.072,0.237,127.032,71.973,-117.898,35864.389,-0.172,0.307,0.974,1.113,0.023,395.171,0.023,381.597,0.024,454.521,3.581,0.050,67.620,0.940,0.968,69.000,0.036,4.603,0.781,3.551,0.029,359.612,0.026,273.914,0.046,1697.653,2.224,0.045,27.816,0.568,0.662,65.035,1.270,5.038,0.673,3.082,0.029,359.612,0.028,204.235,0.035,1442.163,2.224,0.045,21.367,0.436,0.662,65.035,0.612,5.110,0.119,0.442,0.019,700.734,48.540,0.581,4.432,0.022,399.770,0.018,206.785,0.044,2325.797,3.757,0.051,26.000,0.351,69.415,1.055,5.240,0.029,0.612
NaN,win,2.1.1,NaN,20240129,NaN,NaN,NaN,NaN,NaN,NaN,NaN,25,13,1,1,1,1,7215.185,0,40980,25,13,1,1,1,1,7215.185,0,40980,25,13,1,18,6,1,18,6,1,85,85,27587.471,12648,40980,25,13,1,18,6,1,18,6,1,85,85,27587.471,12648,40980,25,13,1,18,6,1,18,6,1,85,85,27587.471,12648,40980,60.561,85,167.149,2.760,0.016,0.089,2.241,0.446,1.241,0.363,16.807,17.720,6.503,0,0.367,0,0.559,0.636,16841264.405,0.811,0.931,0.951,1670734.300,27708.000,27708.000,27587.471,60254082.814,0.010,-1.061,27048.000,12648,16771,38673,40980,12117,28332,6666.617,5391.312,6660.271,0.281,0.221,69812422383.000,28658.727,69812422383.000,7762.350,841.945,17.376,76.258,0.002,-1.102,17.000,1,5,30,32,23,14,31,7.534,6.493,7.529,0.503,0.412,4.743,0.041,2,4,-2,24,0.953,0.129,38674,16772,0.824,21902,85,40.971,2.075,0.798,0.636,1.254,6.340,0.007,5.515,21.174,2.091,1.438,2.841,1.011,11.031,74.624,1.615,0.003,10.072,1.438,0.085,0.271,0.056,0.299,0.054,0.233,115.004,74.624,-6.897,36335.926,-0.169,0.307,0.984,1.067,0.034,375.773,0.033,368.144,0.038,408.835,3.400,0.041,80.683,0.964,0.981,76.143,0.021,4.788,0.792,2.109,0.029,338.859,0.017,241.385,0.080,911.328,2.531,0.040,37.406,0.584,0.753,73.271,0.345,5.172,0.625,3.266,0.029,338.859,0.027,222.993,0.042,1050.312,2.531,0.040,25.594,0.400,0.753,73.271,0.574,5.445,0.135,0.394,0.017,801.392,49.426,0.658,2.576,0.035,378.200,0.016,212.513,0.110,1178.412,3.471,0.041,39.776,0.468,76.258,0.344,5.292,0.028,0.561
NaN,win,2.1.1,NaN,20240129,NaN,NaN,NaN,NaN,NaN,NaN,NaN,25,13,1,1,1,1,16728.265,0,48893,25,13,1,1,1,1,16728.265,0,48893,25,13,1,22,13,1,22,13,1,199,199,27320.030,10305,48893,25,13,1,22,13,1,22,13,1,199,199,27320.030,10305,48893,25,13,1,22,13,1,22,13,1,199,199,27320.030,10305,48893,141.811,199,353.243,2.491,0.012,0.052,2.686,0.372,1.686,0.149,23.482,24.023,11.719,0,0.488,0,0.476,0.529,16140288.468,0.661,0.887,0.910,3874290.094,28685.597,29001.062,27320.030,86766311.336,0.243,-0.902,26568.000,10305,15339,40233,48893,15400,38588,7914.564,6214.744,7897.759,0.341,0.287,165796921396.000,28864.344,165796921396.000,9314.844,660.312,14.553,59.061,0.247,-0.895,14.000,1,5,25,32,17,13,31,6.522,5.097,6.503,0.528,0.448,4.814,0.039,3,3,-4,18,0.955,0.025,40234,15340,0.930,24894,199,61.456,3.238,0.814,0.662,1.229,31.759,0.005,4.560,17.604,2.394,1.223,2.965,1.038,9.119,62.366,1.708,0.002,8.051,1.223,0.100,0.276,0.072,0.300,0.068,0.237,81.148,62.366,191.079,27538.534,-0.117,0.304,0.979,1.099,0.031,271.898,0.030,266.743,0.036,294.533,7.547,0.039,184.592,0.950,0.973,59.004,0.034,4.910,0.734,2.807,0.022,284.570,0.011,215.256,0.121,688.889,5.311,0.039,67.933,0.503,0.678,57.789,0.635,5.632,0.449,8.370,0.022,284.570,0.018,113.279,0.065,2699.659,5.311,0.039,31.681,0.235,0.678,57.789,2.176,6.336,0.072,0.227,0.047,713.123,25.021,0.568,3.513,0.031,270.844,0.011,163.734,0.155,847.196,7.764,0.039,76.085,0.382,59.061,0.576,5.890,0.019,0.834
NaN,win,2.1.1,NaN,20240129,NaN,NaN,NaN,NaN,NaN,NaN,NaN,25,13,1,1,1,1,20581.554,0,59191,25,13,1,1,1,1,20581.554,0,59191,25,13,1,24,13,1,24,13,1,230,230,29082.630,10741,59191,25,13,1,24,13,1,24,13,1,230,230,29082.630,10741,59191,25,13,1,24,13,1,24,13,1,230,230,29082.630,10741,59191,177.922,230,425.465,2.391,0.011,0.046,2.781,0.360,1.781,0.539,23.019,23.758,13.191,0,0.555,0,0.571,0.611,18190499.981,0.691,0.952,0.961,5174453.000,28741.559,36640.912,29082.630,101756771.363,0.319,-0.090,28867.000,10741,15294,42270,59191,12718,48450,8025.029,5640.605,8023.726,0.347,0.220,217937917805.000,30782.400,217937917805.000,10087.456,665.147,12.639,44.422,0.345,-0.083,12.500,1,4,21,32,14,9,31,5.317,3.749,5.317,0.527,0.360,4.608,0.047,5,5,-5,7,0.896,0.017,42271,15295,0.878,26976,230,62.284,3.693,0.863,0.745,1.159,9.462,0.006,4.031,13.428,2.339,0.967,2.009,0.955,8.062,48.596,1.668,0.002,5.114,0.967,0.113,0.282,0.085,0.303,0.083,0.249,63.680,48.596,162.340,22196.740,-0.108,0.302,0.975,1.118,0.059,205.350,0.055,200.875,0.081,224.749,10.419,0.047,210.584,0.942,0.968,44.198,0.041,4.734,0.736,3.342,0.031,217.973,0.013,165.358,0.451,592.570,6.852,0.046,74.812,0.502,0.648,43.520,0.960,5.605,0.384,10.933,0.031,217.973,0.025,52.381,0.117,3338.852,6.852,0.046,29.013,0.195,0.648,43.520,2.873,6.268,0.071,0.132,0.042,600.186,27.355,0.547,4.296,0.063,204.170,0.014,120.094,0.786,728.657,10.774,0.047,78.974,0.343,44.422,0.897,5.925,0.019,0.928
NaN,win,2.1.1,NaN,20240129,NaN,NaN,NaN,NaN,NaN,NaN,NaN,25,13,1,1,1,1,19055.188,0,49244,25,13,1,1,1,1,19055.188,0,49244,25,13,1,20,13,1,20,13,1,207,207,29917.565,8248,49244,25,13,1,20,13,1,20,13,1,207,207,29917.565,8248,49244,25,13,1,20,13,1,20,13,1,207,207,29917.565,8248,49244,165.509,207,397.508,2.402,0.012,0.049,2.727,0.367,1.727,0.442,20.946,21.091,13.349,0,0.633,0,0.611,0.652,18836432.780,0.690,0.948,0.958,4951634.143,34276.639,35174.448,29917.565,67927940.294,-0.188,-0.286,30360.000,8248,18243,39975,49244,11641,40996,6602.073,4690.839,6576.705,0.275,0.195,199338650308.000,31032.058,199338650308.000,8241.841,572.848,17.372,41.683,-0.172,-0.286,18.000,1,8,25,32,17,9,31,5.183,3.962,5.150,0.372,0.257,4.593,0.048,4,17,-3,25,0.981,0.039,39976,18244,0.942,21732,207,57.213,3.618,0.891,0.795,1.122,148.570,0.007,5.425,11.665,2.284,0.931,1.648,0.925,10.850,42.090,1.639,0.002,4.571,0.931,0.113,0.282,0.085,0.303,0.087,0.247,105.038,42.090,-64.301,16211.737,-0.111,0.302,0.978,1.111,0.014,343.513,0.014,335.873,0.015,381.424,9.582,0.048,190.924,0.947,0.970,41.824,0.040,4.710,0.756,3.918,0.017,346.194,0.014,264.680,0.038,1331.582,6.075,0.045,71.179,0.531,0.647,44.368,1.532,5.501,0.421,9.649,0.017,346.194,0.014,136.720,0.052,3311.709,6.075,0.045,28.552,0.213,0.647,44.368,2.631,6.340,0.078,0.135,0.026,535.043,24.596,0.562,3.947,0.014,343.469,0.010,195.727,0.036,1353.845,9.937,0.048,74.024,0.358,41.683,0.769,5.754,0.021,0.808
NaN,win,2.1.1,NaN,20240129,NaN,NaN,NaN,NaN,NaN,NaN,NaN,25,13,1,1,1,1,30543.286,0,55815,25,13,1,1,1,1,30543.286,0,55815,25,13,1,25,13,1,25,13,1,259,259,38326.517,18074,55815,25,13,1,25,13,1,25,13,1,259,259,38326.517,18074,55815,25,13,1,25,13,1,25,13,1,259,259,38326.517,18074,55815,197.106,259,471.561,2.392,0.011,0.042,2.879,0.347,1.879,0.466,25.831,26.594,13.150,0,0.494,0,0.606,0.650,18059934.021,0.708,0.926,0.939,7554404.771,37932.802,46321.525,38326.517,92669704.041,-0.328,-1.014,39786.000,18074,24442,50047,55815,16799,37741,8284.800,6576.070,8195.753,0.251,0.218,404452234268.000,39516.979,404452234268.000,9626.510,598.162,17.649,66.475,-0.323,-1.016,19.000,1,6,28,32,16,14,31,7.021,5.796,6.934,0.462,0.389,4.802,0.039,4,15,-5,17,0.946,0.035,50048,24443,0.911,25605,259,68.042,3.806,0.838,0.703,1.193,19.799,0.005,5.496,20.213,2.397,0.940,1.667,0.934,10.991,76.262,1.747,0.002,4.589,0.940,0.111,0.282,0.083,0.303,0.087,0.273,116.079,76.262,-422.304,37855.411,-0.116,0.303,0.980,1.104,0.034,375.138,0.033,365.749,0.041,424.916,9.818,0.039,240.288,0.951,0.972,65.986,0.040,4.906,0.771,3.451,0.024,337.237,0.012,250.374,0.144,1638.457,6.803,0.039,95.601,0.553,0.668,59.331,1.210,5.634,0.367,10.324,0.024,337.237,0.011,109.773,0.239,3900.798,6.803,0.039,33.763,0.195,0.668,59.331,2.497,6.614,0.073,0.186,0.027,517.218,27.229,0.584,3.672,0.035,377.950,0.012,196.818,0.165,1691.633,10.127,0.039,96.761,0.374,66.475,0.693,5.911,0.019,0.894
NaN,win,2.1.1,NaN,20240129,NaN,NaN,NaN,NaN,NaN,NaN,NaN,25,13,1,1,1,1,2495.843,0,25689,25,13,1,1,1,1,2495.843,0,25689,25,13,1,8,8,1,8,8,1,46,46,17633.674,8163,25689,25,13,1,8,8,1,8,8,1,46,46,17633.674,8163,25689,25,13,1,8,8,1,8,8,1,46,46,17633.674,8163,25689,25.579,46,73.169,2.861,0.023,0.189,1.743,0.574,0.743,0.240,8.333,8.058,7.508,0,0.932,0,0.405,0.462,13548356.893,0.507,1.000,1.000,451046.507,6756.771,12755.821,17633.674,23186997.655,-0.072,-0.932,17051.000,8163,10543,24313,25689,7361,17526,4100.312,3252.125,4085.587,0.273,0.206,15370138853.000,18279.318,15370138853.000,4815.288,709.975,17.826,76.665,-0.059,-0.919,16.500,1,5,30,32,16,13,31,7.427,5.867,7.391,0.491,0.351,4.431,0.051,4,32,-2,17,0.935,0.130,24314,10544,0.804,13770,46,24.385,1.886,0.986,0.972,1.014,116.565,0.011,5.663,23.465,1.824,1.998,6.524,1.111,11.325,73.194,1.424,0.005,20.666,1.998,0.074,0.260,0.047,0.291,0.046,0.170,117.351,73.194,-283.695,38873.563,-0.202,0.307,0.989,1.053,0.039,393.622,0.038,388.458,0.040,416.359,2.304,0.051,44.165,0.973,0.985,76.436,0.019,4.455,0.851,1.838,0.040,382.108,0.035,322.047,0.064,776.108,1.757,0.047,25.108,0.679,0.804,73.489,0.292,4.703,0.595,4.189,0.040,382.108,0.038,194.958,0.057,1768.865,1.757,0.047,13.324,0.360,0.804,73.489,0.910,4.993,0.101,1.147,0.028,1209.151,40.852,0.733,2.261,0.039,394.435,0.029,280.809,0.076,972.609,2.348,0.051,23.913,0.520,76.665,0.325,4.811,0.038,0.603
NaN,win,2.1.1,NaN,20240129,NaN,NaN,NaN,NaN,NaN,NaN,NaN,25,13,1,1,1,1,18483.382,0,53165,25,13,1,1,1,1,18483.382,0,53165,25,13,1,19,13,1,19,13,1,191,191,31450.780,13584,53165,25,13,1,19,13,1,19,13,1,191,191,31450.780,13584,53165,25,13,1,19,13,1,19,13,1,191,191,31450.780,13584,53165,146.325,191,350.580,2.396,0.013,0.056,2.611,0.383,1.611,0.611,18.785,19.442,12.866,0,0.662,0,0.636,0.672,18742796.990,0.675,0.970,0.976,4602042.501,37524.220,38729.209,31450.780,95953750.454,0.098,-1.026,32142.000,13584,18243,43944,53165,15400,39581,8423.137,6732.112,8412.644,0.311,0.246,207255116053.000,32940.937,207255116053.000,9795.599,708.785,14.953,62.150,0.086,-1.044,16.000,1,4,25,32,17,12,31,6.794,5.690,6.785,0.527,0.400,4.760,0.042,5,16,-3,18,0.942,0.026,43945,18244,0.916,25701,191,54.627,3.496,0.897,0.804,1.115,33.690,0.008,4.773,18.531,2.311,0.970,1.848,0.943,9.547,69.091,1.714,0.002,5.031,0.970,0.112,0.281,0.084,0.303,0.082,0.266,90.078,69.091,27.414,30401.009,-0.128,0.305,0.977,1.119,0.038,286.020,0.037,279.267,0.041,317.845,7.648,0.041,175.615,0.945,0.969,62.151,0.045,4.869,0.773,3.398,0.042,282.438,0.034,206.684,0.097,906.594,4.797,0.037,71.250,0.557,0.670,60.707,1.172,5.553,0.402,10.648,0.042,282.438,0.036,78.355,0.095,3775.914,4.797,0.037,26.078,0.204,0.670,60.707,2.782,6.347,0.090,0.191,0.032,502.103,32.747,0.579,4.257,0.037,285.738,0.024,157.765,0.114,1133.634,7.984,0.042,66.979,0.351,62.150,0.956,5.876,0.019,0.790
NaN,win,2.1.1,NaN,20240129,NaN,NaN,NaN,NaN,NaN,NaN,NaN,25,13,1,1,1,1,9783.498,0,45239,25,13,1,1,1,1,9783.498,0,45239,25,13,1,13,10,1,13,10,1,103,103,30870.262,15799,45239,25,13,1,13,10,1,13,10,1,103,103,30870.262,15799,45239,25,13,1,13,10,1,13,10,1,103,103,30870.262,15799,45239,70.718,103,184.402,2.608,0.016,0.090,2.230,0.448,1.230,0.102,14.089,13.956,9.747,0,0.698,0,0.580,0.640,16657614.865,0.640,0.969,0.977,2183070.551,24433.582,29930.543,30870.262,49377392.990,-0.108,-0.614,31436.000,15799,21405,39975,45239,10463,29440,5828.366,4285.327,5807.466,0.228,0.167,103242099165.000,31659.919,103242099165.000,7026.905,692.382,16.874,57.877,-0.095,-0.634,17.000,1,7,27,32,19,11,31,6.268,4.739,6.262,0.451,0.314,4.683,0.044,2,16,-3,20,0.932,0.039,39976,21406,0.893,18570,103,38.971,2.643,0.923,0.852,1.083,28.301,0.006,5.409,16.300,2.189,1.490,4.060,1.078,10.818,53.742,1.612,0.002,11.460,1.490,0.082,0.270,0.053,0.298,0.066,0.200,105.663,53.742,-70.079,23363.897,-0.143,0.306,0.991,1.037,0.034,342.406,0.034,339.048,0.034,355.839,4.500,0.044,99.421,0.976,0.988,57.951,0.012,4.713,0.904,1.562,0.039,335.618,0.038,294.563,0.041,536.067,3.921,0.044,69.292,0.779,0.864,58.339,0.222,4.986,0.468,6.146,0.039,335.618,0.036,124.098,0.059,2236.910,3.921,0.044,23.697,0.266,0.864,58.339,1.346,5.754,0.087,0.362,0.028,937.079,29.479,0.810,2.107,0.034,342.602,0.033,267.025,0.040,704.369,4.553,0.044,63.078,0.612,57.877,0.389,5.166,0.031,0.679
NaN,win,2.1.1,NaN,20240129,NaN,NaN,NaN,NaN,NaN,NaN,NaN,25,13,1,1,1,1,17119.532,0,43493,25,13,1,1,1,1,17119.532,0,43493,25,13,1,22,13,1,22,13,1,213,213,26121.352,14887,43493,25,13,1,22,13,1,22,13,1,213,213,26121.352,14887,43493,25,13,1,22,13,1,22,13,1,213,213,26121.352,14887,43493,153.096,213,369.480,2.413,0.012,0.053,2.670,0.375,1.670,0.383,21.279,21.739,13.186,0,0.607,0,0.617,0.657,17113775.311,0.639,0.985,0.988,3999075.936,29298.088,31042.284,26121.352,43877696.125,0.438,-0.780,25237.000,14887,18243,35236,43493,11257,28606,5671.983,4486.072,5627.122,0.254,0.215,154681181984.000,26948.149,154681181984.000,6624.024,453.871,13.122,54.398,0.430,-0.790,12.000,1,4,23,32,7,12,31,6.314,5.100,6.277,0.562,0.462,4.666,0.044,5,3,-4,21,0.939,0.014,35237,18244,0.925,16993,213,58.870,3.618,0.879,0.772,1.138,7.765,0.005,4.170,16.806,2.334,1.056,2.075,0.978,8.340,61.419,1.680,0.002,5.804,1.056,0.105,0.279,0.077,0.302,0.083,0.255,70.412,61.419,332.307,26969.871,-0.115,0.303,0.980,1.083,0.028,227.588,0.028,223.731,0.031,243.149,9.174,0.044,198.273,0.952,0.975,54.308,0.026,4.765,0.776,2.464,0.030,235.242,0.025,186.337,0.067,519.222,6.451,0.042,85.654,0.560,0.718,52.904,0.526,5.543,0.378,10.386,0.030,235.242,0.023,62.436,0.107,3178.824,6.451,0.042,30.163,0.197,0.718,52.904,2.524,6.366,0.068,0.188,0.056,603.087,26.014,0.617,3.329,0.028,226.587,0.019,147.194,0.092,642.850,9.460,0.044,85.169,0.400,54.398,0.613,5.780,0.020,0.903
NaN,win,2.1.1,NaN,20240129,NaN,NaN,NaN,NaN,NaN,NaN,NaN,25,13,1,1,1,1,28416.665,0,53165,25,13,1,1,1,1,28416.665,0,53165,25,13,1,22,13,1,22,13,1,242,242,38162.876,20038,53165,25,13,1,22,13,1,22,13,1,242,242,38162.876,20038,53165,25,13,1,22,13,1,22,13,1,242,242,38162.876,20038,53165,194.850,242,461.618,2.369,0.011,0.044,2.840,0.352,1.840,0.351,23.323,23.180,13.921,0,0.601,0,0.654,0.691,19348747.117,0.711,0.956,0.963,7436018.576,39965.545,42672.088,38162.876,45826193.340,-0.336,-0.015,38406.000,20038,29141,46933,53165,8450,33127,5278.250,3629.353,5274.231,0.177,0.110,363539974710.000,38758.629,363539974710.000,6769.505,435.160,18.058,42.592,-0.349,0.003,18.000,1,9,26,32,16,8,31,5.084,3.520,5.083,0.361,0.222,4.601,0.048,6,15,-5,24,0.971,0.041,46934,29142,0.930,17792,242,61.213,3.953,0.901,0.812,1.110,162.350,0.005,5.712,11.928,2.342,1.005,1.765,0.952,11.423,42.543,1.648,0.002,5.168,1.005,0.107,0.280,0.078,0.303,0.081,0.241,115.368,42.543,-126.455,17676.076,-0.100,0.299,0.980,1.094,0.020,367.675,0.020,359.564,0.021,405.567,11.352,0.048,224.778,0.951,0.973,42.634,0.032,4.706,0.764,2.843,0.027,353.259,0.026,262.506,0.035,1111.675,7.988,0.048,89.940,0.542,0.686,44.050,0.718,5.487,0.370,11.627,0.027,353.259,0.024,92.922,0.060,5238.675,7.988,0.048,31.325,0.189,0.686,44.050,3.055,6.361,0.058,0.155,0.033,593.822,19.347,0.592,3.488,0.020,368.678,0.018,207.377,0.032,1384.554,11.661,0.048,92.273,0.381,42.592,0.617,5.746,0.023,0.795
NaN,win,2.1.1,NaN,20240129,NaN,NaN,NaN,NaN,NaN,NaN,NaN,25,13,1,1,1,1,15235.542,0,55565,25,13,1,1,1,1,15235.542,0,55565,25,13,1,20,13,1,20,13,1,195,195,25392.569,8216,55565,25,13,1,20,13,1,20,13,1,195,195,25392.569,8216,55565,25,13,1,20,13,1,20,13,1,195,195,25392.569,8216,55565,150.839,195,360.440,2.390,0.012,0.055,2.630,0.380,1.630,1.049,20.656,20.725,12.361,0,0.596,0,0.619,0.654,18865324.396,0.701,0.985,0.988,3830192.965,29745.659,32715.240,25392.569,97074970.830,0.809,0.372,23523.000,8216,14403,38322,55565,13129,47349,7830.692,5378.980,7629.928,0.388,0.260,144662220879.000,27237.062,144662220879.000,9852.663,705.564,12.103,43.938,0.803,0.343,11.000,1,5,21,32,8,8,31,5.253,3.705,5.133,0.548,0.333,4.506,0.052,8,7,-5,9,0.928,0.021,38323,14404,0.908,23919,195,54.870,3.554,0.902,0.814,1.108,151.189,0.007,3.822,13.779,2.244,0.946,2.494,0.942,7.645,49.551,1.625,0.002,5.567,0.946,0.119,0.282,0.093,0.303,0.094,0.246,58.491,49.551,500.781,26263.443,-0.116,0.302,0.974,1.140,0.038,190.439,0.038,185.194,0.048,215.609,9.800,0.052,177.935,0.940,0.965,44.026,0.052,4.617,0.706,4.248,0.027,195.051,0.013,137.559,0.209,767.726,5.872,0.050,54.453,0.465,0.600,44.622,1.470,5.521,0.433,9.658,0.027,195.051,0.017,64.053,0.154,1994.077,5.872,0.050,25.444,0.217,0.600,44.622,2.728,6.089,0.062,0.183,0.064,607.558,24.713,0.505,4.528,0.039,190.410,0.013,96.951,0.208,874.985,10.179,0.052,64.836,0.332,43.938,0.869,5.766,0.021,0.886
NaN,win,2.1.1,NaN,20240129,NaN,NaN,NaN,NaN,NaN,NaN,NaN,25,13,1,1,1,1,13386.222,0,48530,25,13,1,1,1,1,13386.222,0,48530,25,13,1,15,13,1,15,13,1,136,136,31989.132,12648,48530,25,13,1,15,13,1,15,13,1,136,136,31989.132,12648,48530,25,13,1,15,13,1,15,13,1,136,136,31989.132,12648,48530,89.902,136,231.401,2.574,0.014,0.074,2.384,0.419,1.384,0.330,16.964,17.039,11.125,0,0.653,0,0.517,0.578,15196235.230,0.591,0.909,0.930,2875874.788,21630.748,33887.132,31989.132,60304137.865,-0.070,-0.278,31607.500,12648,23132,43493,48530,10753,35882,6263.182,4480.234,6253.912,0.243,0.166,147370786812.000,32918.213,147370786812.000,7765.574,665.892,17.801,47.615,-0.079,-0.300,17.500,1,10,28,32,15,10,31,5.566,4.157,5.566,0.388,0.278,4.646,0.045,2,11,-2,16,0.963,0.044,43494,23133,0.919,20361,136,48.971,2.777,0.844,0.713,1.185,38.660,0.008,5.575,13.115,2.211,1.027,1.972,0.950,11.151,46.981,1.609,0.002,5.479,1.027,0.107,0.280,0.079,0.303,0.076,0.242,111.409,46.981,1.624,20372.653,-0.133,0.305,0.978,1.100,0.023,365.899,0.023,358.833,0.026,397.383,5.961,0.045,125.816,0.949,0.972,47.874,0.034,4.731,0.800,2.958,0.019,378.500,0.008,306.141,0.066,962.698,4.312,0.045,57.167,0.595,0.706,50.739,0.951,5.175,0.499,6.083,0.019,378.500,0.016,174.126,0.039,2518.427,4.312,0.045,26.542,0.276,0.706,50.739,1.479,5.853,0.110,0.178,0.022,532.118,34.806,0.619,3.971,0.024,364.507,0.008,234.814,0.092,1254.831,6.162,0.045,51.912,0.382,47.615,0.959,5.489,0.026,0.727
NaN,win,2.1.1,NaN,20240129,NaN,NaN,NaN,NaN,NaN,NaN,NaN,25,13,1,1,1,1,14359.957,0,54972,25,13,1,1,1,1,14359.957,0,54972,25,13,1,12,13,1,12,13,1,123,123,37942.976,20038,54972,25,13,1,12,13,1,12,13,1,123,123,37942.976,20038,54972,25,13,1,12,13,1,12,13,1,123,123,37942.976,20038,54972,78.617,123,204.306,2.599,0.015,0.082,2.302,0.434,1.302,0.648,14.424,13.924,11.864,0,0.852,0,0.484,0.543,15248615.490,0.539,0.833,0.870,2982959.028,41177.000,41177.000,37942.976,91168040.398,0.070,-1.410,37450.000,20038,26088,51334,54972,18325,34934,8617.292,7370.004,8610.976,0.252,0.241,188293004938.000,39125.918,188293004938.000,9548.196,860.932,16.902,75.828,0.064,-1.416,16.000,1,6,29,32,6,16,31,7.869,6.941,7.862,0.515,0.471,4.727,0.042,2,5,-2,11,0.984,0.098,51335,26089,0.886,25246,123,43.556,2.824,0.903,0.815,1.108,50.194,0.007,5.321,22.843,2.183,0.947,1.559,0.908,10.642,86.693,1.634,0.003,4.679,0.947,0.109,0.282,0.081,0.303,0.089,0.276,112.517,86.693,52.891,37559.926,-0.149,0.306,0.981,1.087,0.019,360.773,0.018,353.171,0.020,393.653,4.984,0.042,115.106,0.956,0.976,75.703,0.030,4.800,0.760,2.694,0.022,345.271,0.020,249.029,0.039,1014.318,3.424,0.040,45.659,0.537,0.691,73.215,0.600,5.480,0.494,6.494,0.022,345.271,0.018,154.414,0.063,2298.118,3.424,0.040,23.118,0.272,0.691,73.215,1.706,5.945,0.139,0.251,0.019,509.252,53.816,0.599,3.146,0.018,361.520,0.015,202.044,0.040,1191.260,5.114,0.042,49.829,0.405,75.828,0.476,5.713,0.021,0.655
NaN,win,2.1.1,NaN,20240129,NaN,NaN,NaN,NaN,NaN,NaN,NaN,25,13,1,1,1,1,11591.400,0,37321,25,13,1,1,1,1,11591.400,0,37321,25,13,1,15,13,1,15,13,1,168,168,22423.839,5917,37321,25,13,1,15,13,1,15,13,1,168,168,22423.839,5917,37321,25,13,1,15,13,1,15,13,1,168,168,22423.839,5917,37321,129.398,168,313.596,2.423,0.013,0.061,2.535,0.395,1.535,0.215,16.964,16.246,13.526,0,0.833,0,0.683,0.722,18869317.620,0.629,0.983,0.986,2901603.265,20842.964,26786.167,22423.839,54592476.742,-0.188,-0.997,23402.000,5917,11644,32050,37321,12334,31404,6312.450,5165.192,6267.363,0.330,0.273,93646735569.000,23609.766,93646735569.000,7388.672,570.048,17.292,56.790,-0.190,-1.034,18.000,1,6,27,32,13,13,31,6.461,5.401,6.411,0.436,0.371,4.692,0.044,3,12,-4,14,0.976,0.024,32051,11645,0.952,20406,168,48.385,3.472,0.950,0.902,1.053,38.157,0.006,5.617,15.500,2.312,1.230,3.133,1.039,11.234,53.736,1.653,0.002,8.264,1.230,0.098,0.276,0.070,0.300,0.074,0.225,113.933,53.736,-211.719,19673.722,-0.116,0.303,0.983,1.080,0.016,354.044,0.016,346.620,0.017,387.395,7.109,0.043,157.835,0.959,0.977,56.948,0.029,4.781,0.815,2.400,0.020,338.304,0.019,259.785,0.027,876.040,4.904,0.039,77.464,0.620,0.744,59.280,0.594,5.468,0.383,9.864,0.020,338.304,0.018,61.619,0.041,5044.880,4.904,0.039,25.352,0.203,0.744,59.280,2.422,5.918,0.079,0.240,0.026,713.669,26.157,0.658,3.179,0.016,355.792,0.014,213.126,0.025,1293.077,7.345,0.044,71.226,0.424,56.790,0.634,5.651,0.022,0.737
NaN,win,2.1.1,NaN,20240129,NaN,NaN,NaN,NaN,NaN,NaN,NaN,25,13,1,1,1,1,3520.523,0,39044,25,13,1,1,1,1,3520.523,0,39044,25,13,1,8,8,1,8,8,1,54,54,21188.333,9857,39044,25,13,1,8,8,1,8,8,1,54,54,21188.333,9857,39044,25,13,1,8,8,1,8,8,1,54,54,21188.333,9857,39044,36.863,54,101.239,2.746,0.020,0.148,1.890,0.529,0.890,0.268,8.914,8.936,7.805,0,0.873,0,0.510,0.567,16937181.246,0.626,0.942,0.959,781074.562,11557.273,18869.192,21188.333,53836190.704,0.469,-0.554,20072.000,9857,12346,31840,39044,10075,29187,6065.481,4596.864,5988.111,0.346,0.246,27150209648.000,22422.793,27150209648.000,7337.315,998.482,12.981,63.648,0.472,-0.574,12.000,1,3,25,32,10,11,31,6.573,5.270,6.500,0.615,0.440,4.569,0.047,1,3,-2,1,0.852,0.037,31841,12347,0.815,19494,54,26.142,2.066,0.996,0.993,1.004,36.870,0.008,4.404,19.685,1.946,1.733,4.656,1.067,8.807,63.508,1.484,0.004,15.232,1.733,0.075,0.265,0.046,0.295,0.056,0.188,75.128,63.508,261.101,29866.366,-0.189,0.307,0.992,1.031,0.076,233.015,0.076,231.853,0.076,237.663,2.481,0.046,52.423,0.980,0.990,64.153,0.010,4.599,0.901,1.489,0.085,244.404,0.084,228.949,0.091,315.681,2.064,0.044,36.319,0.773,0.870,70.950,0.169,4.793,0.544,4.489,0.085,244.404,0.082,60.763,0.102,1865.723,2.064,0.044,15.298,0.325,0.870,70.950,0.904,5.054,0.152,0.533,0.028,934.635,50.658,0.817,1.815,0.075,232.167,0.073,204.132,0.085,352.537,2.519,0.047,33.815,0.626,63.648,0.229,4.833,0.039,0.240
NaN,win,2.1.1,NaN,20240129,NaN,NaN,NaN,NaN,NaN,NaN,NaN,25,13,1,1,1,1,23284.628,0,65531,25,13,1,1,1,1,23284.628,0,65531,25,13,1,23,11,1,23,11,1,189,189,40039.704,0,65531,25,13,1,23,11,1,23,11,1,189,189,40039.704,0,65531,25,13,1,23,11,1,23,11,1,189,189,40039.704,0,65531,147.454,189,361.326,2.450,0.012,0.052,2.677,0.374,1.677,0.434,23.019,23.693,10.363,0,0.437,0,0.594,0.641,19243283.995,0.795,0.891,0.911,5904002.652,38400.475,40376.676,40039.704,205378235.404,-0.355,0.139,39197.000,0,22244,59824,65531,18579,65531,11355.347,8102.165,11344.831,0.358,0.224,341817104428.000,42527.122,341817104428.000,14331.024,1042.429,20.053,47.965,-0.339,0.042,20.000,1,11,30,32,16,9,31,5.507,4.212,5.503,0.345,0.220,4.572,0.046,4,15,-5,1,0.974,0.111,59825,22245,0.862,37580,189,56.870,3.323,0.857,0.734,1.167,9.866,0.007,6.380,14.611,2.254,1.297,9.165,0.983,12.760,43.473,1.599,0.002,14.972,1.297,0.106,0.276,0.079,0.298,0.078,0.150,139.439,43.473,-100.119,19474.210,-0.117,0.302,0.978,1.114,0.027,448.670,0.025,438.643,0.039,508.500,8.491,0.046,175.350,0.950,0.971,47.044,0.042,4.665,0.772,2.977,0.012,418.777,0.004,304.476,0.200,1477.415,6.015,0.046,72.031,0.554,0.688,40.325,0.863,5.395,0.462,6.408,0.012,418.777,0.003,127.842,0.137,3667.146,6.015,0.046,33.938,0.261,0.688,40.325,1.466,5.757,0.056,0.349,0.047,768.789,13.194,0.594,3.984,0.030,450.085,0.004,243.256,0.491,1848.889,8.757,0.046,71.148,0.376,47.965,0.917,5.695,0.022,0.865
NaN,win,2.1.1,NaN,20240129,NaN,NaN,NaN,NaN,NaN,NaN,NaN,25,13,1,1,1,1,2591.249,0,28371,25,13,1,1,1,1,2591.249,0,28371,25,13,1,6,10,1,6,10,1,43,43,19585.023,8905,28371,25,13,1,6,10,1,6,10,1,43,43,19585.023,8905,28371,25,13,1,6,10,1,6,10,1,43,43,19585.023,8905,28371,26.707,43,82.464,3.088,0.020,0.144,1.909,0.524,0.909,0.408,11.032,10.773,5.465,0,0.507,0,0.473,0.569,14536325.024,0.731,1.000,1.000,523060.667,8202.560,11363.694,19585.023,22945900.302,-0.073,-0.557,19150.000,8905,13584,26568,28371,7240,19466,3934.537,2914.106,3904.186,0.245,0.182,17480318558.000,20162.317,17480318558.000,4790.188,730.497,18.070,60.995,-0.045,-0.617,17.000,1,8,30,32,13,12,31,6.450,5.062,6.372,0.432,0.316,4.342,0.056,2,12,-1,1,0.930,0.116,26569,13585,0.814,12984,43,26.728,1.609,0.870,0.756,1.150,56.310,0.009,5.606,15.768,1.795,1.456,3.147,0.974,11.212,52.530,1.392,0.006,10.543,1.456,0.084,0.270,0.053,0.298,0.055,0.202,112.693,52.530,-27.492,22438.305,-0.196,0.307,0.988,1.046,0.032,387.087,0.032,382.294,0.032,406.258,2.351,0.055,41.247,0.972,0.986,61.501,0.014,4.369,0.846,1.743,0.038,381.171,0.037,312.937,0.040,675.571,1.800,0.051,23.457,0.670,0.814,68.387,0.233,4.651,0.692,2.486,0.038,381.171,0.036,279.640,0.045,858.029,1.800,0.051,16.829,0.481,0.814,68.387,0.362,4.765,0.187,0.588,0.017,656.972,62.761,0.735,2.163,0.031,387.512,0.030,274.030,0.035,858.907,2.395,0.056,22.814,0.531,60.995,0.280,4.711,0.041,0.571
NaN,win,2.1.1,NaN,20240129,NaN,NaN,NaN,NaN,NaN,NaN,NaN,25,13,1,1,1,1,13558.732,0,41976,25,13,1,1,1,1,13558.732,0,41976,25,13,1,20,13,1,20,13,1,174,174,25325.218,9490,41976,25,13,1,20,13,1,20,13,1,174,174,25325.218,9490,41976,25,13,1,20,13,1,20,13,1,174,174,25325.218,9490,41976,123.756,174,306.274,2.475,0.013,0.060,2.550,0.392,1.550,0.647,20.656,20.500,11.335,0,0.553,0,0.481,0.528,17065574.795,0.672,0.901,0.922,3134142.234,28350.134,29246.343,25325.218,58160419.918,-0.244,-0.879,26893.000,9490,13661,34583,41976,12476,32486,6519.869,5039.353,6384.954,0.301,0.252,121717716524.000,26448.575,121717716524.000,7626.298,578.148,16.057,56.284,-0.253,-0.914,18.000,1,5,25,32,20,13,31,6.431,5.103,6.299,0.467,0.419,4.699,0.045,5,19,-3,21,0.931,0.023,34584,13662,0.908,20922,174,55.456,3.138,0.843,0.711,1.186,30.964,0.007,5.165,16.028,2.275,1.080,2.152,0.959,10.331,57.828,1.648,0.002,6.282,1.080,0.104,0.279,0.076,0.302,0.081,0.246,99.629,57.828,-370.831,24722.386,-0.125,0.304,0.980,1.085,0.027,313.972,0.026,307.508,0.030,341.030,7.545,0.044,161.933,0.952,0.975,56.098,0.027,4.789,0.784,2.544,0.024,305.216,0.013,233.848,0.070,826.768,5.256,0.042,71.512,0.572,0.718,53.296,0.606,5.445,0.415,9.120,0.024,305.216,0.018,87.382,0.065,3668.904,5.256,0.042,26.936,0.215,0.718,53.296,2.318,6.232,0.081,0.216,0.027,623.908,27.354,0.620,3.391,0.027,314.126,0.012,188.108,0.099,1052.345,7.782,0.045,69.103,0.397,56.284,0.651,5.641,0.022,0.877
NaN,win,2.1.1,NaN,20240129,NaN,NaN,NaN,NaN,NaN,NaN,NaN,25,13,1,1,1,1,15403.228,0,47506,25,13,1,1,1,1,15403.228,0,47506,25,13,1,19,13,1,19,13,1,191,191,26209.681,9797,47506,25,13,1,19,13,1,19,13,1,191,191,26209.681,9797,47506,25,13,1,19,13,1,19,13,1,191,191,26209.681,9797,47506,132.784,191,323.426,2.436,0.013,0.059,2.570,0.389,1.570,1.448,19.244,19.400,13.258,0,0.683,0,0.594,0.636,16542161.148,0.599,0.983,0.987,3480214.945,20882.966,32733.567,26209.681,84084936.846,-0.039,-0.988,26568.000,9797,12963,38241,47506,14727,37709,7811.214,6083.928,7807.398,0.350,0.278,147267168437.000,27767.468,147267168437.000,9169.784,663.502,14.429,60.695,-0.041,-0.987,15.000,1,3,25,32,10,13,31,6.622,5.537,6.613,0.540,0.448,4.744,0.041,5,9,-4,11,0.874,0.010,38242,12964,0.864,25278,191,54.627,3.496,0.897,0.804,1.115,23.962,0.010,4.541,18.063,2.242,0.794,1.946,0.880,9.082,68.211,1.693,0.003,4.042,0.794,0.130,0.286,0.106,0.304,0.102,0.273,83.064,68.211,-145.376,30631.654,-0.143,0.306,0.970,1.183,0.056,272.681,0.052,266.687,0.077,306.731,7.485,0.041,171.784,0.932,0.957,60.468,0.074,4.868,0.729,5.071,0.037,303.593,0.021,234.170,0.442,1017.575,4.504,0.040,55.619,0.492,0.592,57.686,2.214,5.648,0.456,8.195,0.037,303.593,0.033,111.594,0.079,2558.327,4.504,0.040,26.823,0.237,0.592,57.686,2.229,6.178,0.081,0.205,0.034,529.528,29.867,0.502,6.068,0.059,268.901,0.016,155.866,0.755,1126.084,7.859,0.041,55.848,0.292,60.695,1.616,6.074,0.017,0.836
NaN,win,2.1.1,NaN,20240129,NaN,NaN,NaN,NaN,NaN,NaN,NaN,25,13,1,1,1,1,13383.548,0,48716,25,13,1,1,1,1,13383.548,0,48716,25,13,1,14,13,1,14,13,1,148,148,29389.547,15339,48716,25,13,1,14,13,1,14,13,1,148,148,29389.547,15339,48716,25,13,1,14,13,1,14,13,1,148,148,29389.547,15339,48716,112.471,148,276.611,2.459,0.014,0.068,2.455,0.407,1.455,0.592,15.211,15.407,12.754,0,0.828,0,0.639,0.683,18339786.345,0.622,0.961,0.970,3305473.812,19379.100,30877.313,29389.547,62419977.559,0.419,-0.399,28276.000,15339,19046,40084,48716,10777,33377,6386.835,4686.596,6343.088,0.269,0.185,137072489249.000,30432.967,137072489249.000,7900.631,649.428,13.959,57.755,0.401,-0.433,13.000,1,4,24,32,4,10,31,6.133,4.725,6.095,0.544,0.357,4.699,0.045,5,3,-4,5,0.926,0.047,40085,19047,0.878,21038,148,46.971,3.151,0.918,0.843,1.089,42.709,0.014,4.264,16.219,2.233,1.155,2.665,1.007,8.529,57.672,1.632,0.003,7.205,1.155,0.104,0.277,0.075,0.301,0.071,0.239,71.725,57.672,330.584,30550.513,-0.132,0.305,0.980,1.111,0.034,255.117,0.033,251.367,0.039,273.000,6.342,0.044,137.372,0.952,0.971,57.281,0.044,4.786,0.801,3.538,0.035,269.769,0.031,212.847,0.148,593.558,4.346,0.042,62.231,0.598,0.703,54.470,1.513,5.369,0.461,7.240,0.035,269.769,0.028,145.921,0.141,1427.260,4.346,0.042,26.019,0.250,0.703,54.470,1.870,5.969,0.088,0.227,0.036,750.483,33.117,0.623,4.270,0.034,252.622,0.023,164.995,0.181,675.365,6.635,0.045,59.432,0.402,57.755,1.231,5.676,0.023,0.763
NaN,win,2.1.1,NaN,20240129,NaN,NaN,NaN,NaN,NaN,NaN,NaN,25,13,1,1,1,1,14248.748,0,53967,25,13,1,1,1,1,14248.748,0,53967,25,13,1,15,13,1,15,13,1,143,143,32383.517,16601,53967,25,13,1,15,13,1,15,13,1,143,143,32383.517,16601,53967,25,13,1,15,13,1,15,13,1,143,143,32383.517,16601,53967,101.186,143,249.445,2.465,0.014,0.075,2.375,0.421,1.375,0.776,15.442,16.292,11.347,0,0.696,0,0.575,0.616,17538315.998,0.638,0.978,0.983,3276769.621,32111.057,33500.061,32383.517,100407788.236,0.438,-0.804,31114.000,16601,20094,47982,53967,16227,37366,8304.628,6272.787,8223.839,0.309,0.249,164321298967.000,33898.377,164321298967.000,10020.369,837.945,13.993,72.762,0.420,-0.829,13.000,1,3,27,32,7,14,31,7.056,5.565,6.993,0.610,0.500,4.850,0.038,2,6,-2,1,0.895,0.063,47983,20095,0.832,27888,143,45.456,3.146,0.933,0.870,1.072,146.310,0.007,4.475,22.424,2.258,1.073,1.983,0.969,8.951,83.790,1.679,0.002,5.906,1.073,0.104,0.279,0.076,0.302,0.080,0.267,84.582,83.790,486.868,49368.000,-0.151,0.306,0.982,1.095,0.057,270.643,0.053,266.915,0.082,288.460,5.288,0.038,133.819,0.957,0.975,72.099,0.035,4.904,0.796,2.573,0.028,284.107,0.013,232.565,0.408,602.456,3.951,0.038,60.689,0.589,0.720,67.188,0.645,5.351,0.405,9.515,0.028,284.107,0.023,78.623,0.077,3410.272,3.951,0.038,21.680,0.210,0.720,67.188,2.438,6.055,0.118,0.236,0.032,597.477,45.693,0.634,3.601,0.063,268.566,0.013,183.159,1.024,702.035,5.420,0.038,59.154,0.414,72.762,0.855,5.646,0.022,0.870
NaN,win,2.1.1,NaN,20240129,NaN,NaN,NaN,NaN,NaN,NaN,NaN,25,13,1,1,1,1,5276.655,0,37039,25,13,1,1,1,1,5276.655,0,37039,25,13,1,6,13,1,6,13,1,64,64,26795.516,16863,37039,25,13,1,6,13,1,6,13,1,64,64,26795.516,16863,37039,25,13,1,6,13,1,6,13,1,64,64,26795.516,16863,37039,39.120,64,110.421,2.823,0.019,0.129,1.981,0.505,0.981,0.154,11.032,13.453,6.364,0,0.473,0,0.525,0.596,14640744.691,0.685,0.945,0.962,1048250.458,12695.768,21862.769,26795.516,20183800.844,0.116,-0.330,26747.500,16863,20284,32993,37039,5800,20176,3506.407,2540.719,3505.234,0.168,0.109,47243741341.000,27169.532,47243741341.000,4492.639,561.580,16.281,49.671,0.145,-0.311,16.000,1,6,26,32,16,9,31,5.486,4.065,5.469,0.433,0.290,4.453,0.055,3,15,-2,11,0.984,0.047,32994,20285,0.938,12709,64,33.314,1.921,0.851,0.725,1.175,72.897,0.007,5.176,13.769,1.962,1.311,2.717,0.996,10.352,46.453,1.500,0.004,8.623,1.311,0.087,0.273,0.058,0.300,0.068,0.210,96.535,46.453,80.749,19502.592,-0.165,0.306,0.990,1.042,0.024,314.590,0.024,311.195,0.024,328.170,3.454,0.055,61.545,0.974,0.987,49.801,0.013,4.485,0.872,1.593,0.027,312.852,0.026,271.380,0.030,505.407,2.926,0.054,38.704,0.717,0.844,50.892,0.188,4.759,0.585,3.481,0.027,312.852,0.025,161.155,0.036,1232.148,2.926,0.054,20.370,0.377,0.844,50.892,0.579,5.269,0.167,0.328,0.017,632.526,48.856,0.771,2.125,0.024,314.750,0.022,240.266,0.030,680.188,3.500,0.055,35.781,0.559,49.671,0.319,4.804,0.041,0.489
NaN,win,2.1.1,NaN,20240129,NaN,NaN,NaN,NaN,NaN,NaN,NaN,25,13,1,1,1,1,20003.154,0,65439,25,13,1,1,1,1,20003.154,0,65439,25,13,1,14,13,1,14,13,1,147,147,44224.660,14246,65439,25,13,1,14,13,1,14,13,1,147,147,44224.660,14246,65439,25,13,1,14,13,1,14,13,1,147,147,44224.660,14246,65439,112.471,147,276.611,2.459,0.014,0.068,2.455,0.407,1.455,0.744,15.442,14.860,12.853,0,0.865,0,0.692,0.736,18868610.286,0.628,0.943,0.955,4973994.449,43185.243,48916.721,44224.660,301817075.422,-0.129,-1.443,44924.000,14246,19352,65431,65439,35938,51193,15522.687,13641.936,15514.061,0.393,0.391,331872729479.000,47514.604,331872729479.000,17372.883,1432.891,19.082,115.449,-0.145,-1.446,20.000,1,4,32,32,32,23,31,9.605,8.779,9.599,0.563,0.561,4.323,0.087,35,32,-3,5,0.898,0.313,65432,19353,0.585,46079,147,45.799,3.210,0.938,0.881,1.066,127.569,0.064,6.241,33.430,1.936,1.240,4.396,1.032,12.483,123.983,1.522,0.015,9.737,1.240,0.130,0.276,0.107,0.299,0.039,0.263,155.183,123.983,-698.503,82452.097,-0.154,0.305,0.963,1.553,0.035,445.720,0.034,420.495,0.041,941.244,10.368,0.074,127.821,0.923,0.927,109.206,0.319,4.549,0.781,19.321,0.032,344.333,0.016,286.670,0.158,17882.432,3.296,0.041,45.988,0.568,0.551,79.970,16.027,5.260,0.485,6.148,0.032,344.333,0.027,127.299,0.058,3013.025,3.296,0.041,22.605,0.279,0.551,79.970,1.534,5.793,0.047,0.480,0.031,840.316,47.449,0.484,14.714,0.033,479.558,0.012,174.326,0.168,13212.687,12.823,0.087,37.381,0.254,115.449,6.277,5.507,0.026,0.785
NaN,win,2.1.1,NaN,20240129,NaN,NaN,NaN,NaN,NaN,NaN,NaN,25,13,1,1,1,1,16627.658,0,50725,25,13,1,1,1,1,16627.658,0,50725,25,13,1,20,13,1,20,13,1,207,207,26106.227,9744,50725,25,13,1,20,13,1,20,13,1,207,207,26106.227,9744,50725,25,13,1,20,13,1,20,13,1,207,207,26106.227,9744,50725,170.023,207,406.536,2.391,0.012,0.049,2.739,0.365,1.739,1.001,21.279,20.727,13.371,0,0.645,0,0.628,0.667,19657064.629,0.713,0.962,0.969,4438662.895,29903.951,32519.786,26106.227,88959696.765,0.501,-0.374,24370.000,9744,14028,38955,50725,14545,40981,7715.865,5586.828,7562.256,0.361,0.273,159492421057.000,27757.788,159492421057.000,9431.845,655.559,13.237,54.016,0.494,-0.399,12.000,1,4,23,32,12,11,31,6.014,4.395,5.894,0.555,0.407,4.699,0.044,4,7,-4,13,0.903,0.024,38956,14029,0.879,24927,207,56.042,3.694,0.910,0.828,1.099,158.199,0.007,4.290,16.110,2.298,0.919,2.000,0.923,8.579,59.590,1.690,0.002,4.851,0.919,0.115,0.283,0.088,0.303,0.090,0.261,73.500,59.590,405.321,28931.467,-0.124,0.304,0.978,1.122,0.041,230.603,0.040,226.464,0.047,253.308,8.763,0.044,191.158,0.949,0.969,54.324,0.047,4.810,0.747,3.856,0.036,248.205,0.019,197.314,0.148,767.394,5.379,0.041,68.394,0.518,0.638,57.053,1.397,5.610,0.384,10.000,0.036,248.205,0.031,45.861,0.079,3865.205,5.379,0.041,26.455,0.200,0.638,57.053,2.479,6.147,0.080,0.173,0.046,563.540,28.943,0.552,4.101,0.042,229.227,0.016,141.337,0.169,805.575,9.126,0.044,73.541,0.355,54.016,0.820,5.933,0.019,0.808
NaN,win,2.1.1,NaN,20240129,NaN,NaN,NaN,NaN,NaN,NaN,NaN,25,13,1,1,1,1,14000.791,0,58219,25,13,1,1,1,1,14000.791,0,58219,25,13,1,13,13,1,13,13,1,137,137,33213.555,13984,58219,25,13,1,13,13,1,13,13,1,137,137,33213.555,13984,58219,25,13,1,13,13,1,13,13,1,137,137,33213.555,13984,58219,109.086,137,267.542,2.453,0.014,0.070,2.423,0.413,1.423,0.361,14.424,13.804,12.807,0,0.928,0,0.671,0.712,19771448.553,0.635,0.960,0.969,3623122.128,29184.325,34245.126,33213.555,106052230.247,0.320,-0.546,32897.000,13984,20780,46655,58219,14755,44235,8440.573,6258.806,8438.263,0.310,0.224,165659365515.000,34773.445,165659365515.000,10298.166,879.832,14.416,55.425,0.329,-0.539,14.000,1,5,24,32,9,11,31,6.110,4.690,6.095,0.516,0.379,4.735,0.043,2,8,-4,10,0.942,0.044,46656,20781,0.898,25875,137,43.799,3.128,0.947,0.897,1.056,45.000,0.007,4.515,15.929,2.211,0.952,1.568,0.916,9.030,59.140,1.650,0.002,4.575,0.952,0.108,0.282,0.081,0.303,0.089,0.263,79.902,59.140,305.406,28452.429,-0.145,0.306,0.982,1.089,0.042,264.068,0.041,259.809,0.046,284.617,5.639,0.042,128.173,0.957,0.975,55.754,0.032,4.815,0.798,2.576,0.035,275.051,0.024,225.515,0.128,634.232,3.949,0.040,58.535,0.591,0.723,58.753,0.661,5.408,0.439,8.455,0.035,275.051,0.029,120.334,0.108,1953.697,3.949,0.040,23.141,0.234,0.723,58.753,2.330,6.137,0.133,0.159,0.022,556.376,47.494,0.635,3.438,0.042,263.248,0.022,176.638,0.163,831.876,5.832,0.043,56.445,0.412,55.425,0.741,5.647,0.022,0.637
NaN,win,2.1.1,NaN,20240129,NaN,NaN,NaN,NaN,NaN,NaN,NaN,25,13,1,1,1,1,5189.092,0,32485,25,13,1,1,1,1,5189.092,0,32485,25,13,1,11,10,1,11,10,1,82,82,20566.524,11487,32485,25,13,1,11,10,1,11,10,1,82,82,20566.524,11487,32485,25,13,1,11,10,1,11,10,1,82,82,20566.524,11487,32485,57.176,82,147.364,2.577,0.018,0.116,2.053,0.487,1.053,0.463,11.032,11.059,9.748,0,0.881,0,0.563,0.605,16995244.855,0.587,1.000,1.000,1175910.081,13290.504,16419.826,20566.524,31248666.542,0.360,-1.078,19217.000,11487,14806,28601,32485,10015,20998,4873.858,3866.244,4742.695,0.272,0.237,37246908547.000,21312.686,37246908547.000,5590.051,617.318,14.378,72.138,0.378,-1.088,12.000,1,6,27,32,6,15,31,7.418,6.040,7.183,0.591,0.484,4.539,0.048,3,6,-2,14,0.902,0.024,28602,14807,0.878,13795,82,34.385,2.385,0.934,0.872,1.071,38.660,0.009,4.653,21.658,2.057,1.286,3.912,1.036,9.305,77.198,1.569,0.003,9.432,1.286,0.097,0.275,0.069,0.299,0.075,0.241,87.304,77.198,398.104,36222.085,-0.163,0.306,0.983,1.076,0.046,278.516,0.045,273.782,0.051,301.098,3.840,0.048,77.244,0.960,0.978,71.657,0.026,4.595,0.777,2.300,0.035,278.883,0.017,226.427,0.129,684.050,2.833,0.047,33.800,0.563,0.732,65.236,0.432,5.023,0.467,6.267,0.035,278.883,0.031,92.366,0.064,2371.083,2.833,0.047,15.867,0.264,0.732,65.236,1.427,5.528,0.111,0.488,0.035,785.214,45.002,0.633,2.878,0.047,278.866,0.018,182.090,0.177,882.183,3.927,0.048,36.146,0.441,72.138,0.441,5.174,0.031,0.659
NaN,win,2.1.1,NaN,20240129,NaN,NaN,NaN,NaN,NaN,NaN,NaN,25,13,1,1,1,1,20687.689,0,45675,25,13,1,1,1,1,20687.689,0,45675,25,13,1,23,13,1,23,13,1,237,237,28369.194,6627,45675,25,13,1,23,13,1,23,13,1,237,237,28369.194,6627,45675,25,13,1,23,13,1,23,13,1,237,237,28369.194,6627,45675,195.978,237,461.576,2.355,0.011,0.044,2.829,0.353,1.829,0.419,23.019,23.000,13.288,0,0.578,0,0.658,0.691,20547711.350,0.760,0.946,0.955,5559738.263,23603.259,33526.429,28369.194,65471794.064,-0.528,-0.431,29896.000,6627,16428,38180,45675,11338,39048,6611.462,4833.207,6456.679,0.285,0.198,206257063307.000,29500.559,206257063307.000,8091.464,525.597,18.325,43.797,-0.548,-0.438,20.000,1,9,26,32,23,9,31,5.411,3.984,5.278,0.361,0.243,4.545,0.050,4,19,-5,24,0.975,0.013,38181,16429,0.962,21752,237,59.698,3.970,0.914,0.836,1.094,170.134,0.005,5.856,11.534,2.321,1.027,2.335,0.976,11.712,40.214,1.623,0.002,5.922,1.027,0.110,0.280,0.082,0.302,0.082,0.227,120.027,40.214,-273.409,14504.842,-0.094,0.297,0.977,1.112,0.016,376.867,0.016,366.658,0.017,429.376,11.424,0.050,218.517,0.947,0.970,44.036,0.041,4.665,0.753,3.426,0.016,346.161,0.010,246.736,0.043,1492.884,7.206,0.046,81.735,0.527,0.654,47.429,1.088,5.453,0.377,10.471,0.016,346.161,0.014,80.879,0.040,4879.774,7.206,0.046,30.626,0.198,0.654,47.429,2.667,6.072,0.059,0.176,0.031,591.109,18.137,0.564,3.987,0.016,379.599,0.008,191.179,0.050,1812.975,11.827,0.050,85.329,0.360,43.797,0.802,5.740,0.022,0.879
NaN,win,2.1.1,NaN,20240129,NaN,NaN,NaN,NaN,NaN,NaN,NaN,25,13,1,1,1,1,9823.074,0,40915,25,13,1,1,1,1,9823.074,0,40915,25,13,1,15,13,1,15,13,1,131,131,24370.221,9349,40915,25,13,1,15,13,1,15,13,1,131,131,24370.221,9349,40915,25,13,1,15,13,1,15,13,1,131,131,24370.221,9349,40915,92.159,131,231.318,2.510,0.015,0.078,2.344,0.427,1.344,0.581,15.214,14.801,12.136,0,0.820,0,0.437,0.481,16440364.983,0.571,0.953,0.964,2245924.550,23808.955,26196.925,24370.221,43128234.859,0.100,-0.377,23837.000,9349,15904,33239,40915,7780,31566,5246.408,3675.921,5217.557,0.269,0.161,83451706133.000,25239.571,83451706133.000,6567.209,573.780,15.702,43.690,0.116,-0.390,15.000,1,7,25,32,13,7,31,5.285,3.774,5.237,0.421,0.226,4.565,0.051,4,12,-5,19,0.962,0.023,33240,15905,0.939,17335,131,46.627,2.810,0.870,0.757,1.149,35.538,0.009,4.903,11.887,2.176,1.031,2.123,0.970,9.805,41.883,1.602,0.003,5.665,1.031,0.109,0.280,0.081,0.302,0.081,0.234,87.183,41.883,18.504,15532.562,-0.128,0.304,0.977,1.099,0.019,291.088,0.019,285.148,0.020,317.476,6.382,0.050,120.809,0.946,0.971,43.964,0.032,4.665,0.782,2.989,0.022,295.322,0.020,238.686,0.042,882.433,4.244,0.047,51.044,0.567,0.687,46.734,0.870,5.357,0.510,6.144,0.022,295.322,0.020,155.198,0.048,1676.933,4.244,0.047,25.222,0.280,0.687,46.734,1.546,5.883,0.089,0.184,0.025,704.620,30.083,0.599,3.901,0.019,290.252,0.014,182.333,0.054,1045.290,6.634,0.051,48.374,0.369,43.690,0.845,5.644,0.023,0.824
NaN,win,2.1.1,NaN,20240129,NaN,NaN,NaN,NaN,NaN,NaN,NaN,25,13,1,1,1,1,22520.677,0,62272,25,13,1,1,1,1,22520.677,0,62272,25,13,1,25,13,1,25,13,1,259,259,28259.537,7304,62272,25,13,1,25,13,1,25,13,1,259,259,28259.537,7304,62272,25,13,1,25,13,1,25,13,1,259,259,28259.537,7304,62272,201.620,259,480.588,2.384,0.011,0.041,2.890,0.346,1.890,0.143,25.831,25.843,13.409,0,0.519,0,0.620,0.662,18643396.218,0.719,0.947,0.957,5697698.427,26670.618,31386.324,28259.537,76816933.523,0.822,2.172,28218.000,7304,17448,36801,62272,11165,54968,6466.628,4295.988,6466.394,0.310,0.202,226733351838.000,29587.469,226733351838.000,8764.527,544.601,12.722,25.992,0.786,2.021,13.000,1,6,18,32,13,7,31,3.798,2.828,3.784,0.401,0.280,4.175,0.066,6,11,-8,18,0.977,0.019,36802,17449,0.958,19353,259,66.042,3.922,0.864,0.746,1.158,15.642,0.009,4.022,7.802,2.164,0.820,1.976,0.891,8.044,27.004,1.506,0.003,4.206,0.820,0.125,0.285,0.100,0.304,0.104,0.225,58.277,27.004,219.075,12081.775,-0.092,0.294,0.972,1.137,0.019,188.314,0.019,183.303,0.022,212.317,16.371,0.066,234.787,0.935,0.963,26.336,0.047,4.325,0.686,4.500,0.019,193.799,0.012,134.914,0.070,802.760,9.130,0.059,68.675,0.446,0.595,30.988,1.671,5.453,0.393,11.942,0.019,193.799,0.015,50.614,0.100,2790.877,9.130,0.059,29.481,0.191,0.595,30.988,3.289,6.168,0.054,0.101,0.053,434.344,16.645,0.488,4.691,0.019,187.842,0.009,94.806,0.077,824.405,17.147,0.066,85.486,0.330,25.992,0.889,5.624,0.024,0.885
NaN,win,2.1.1,NaN,20240129,NaN,NaN,NaN,NaN,NaN,NaN,NaN,25,13,1,1,1,1,19467.317,0,64366,25,13,1,1,1,1,19467.317,0,64366,25,13,1,24,13,1,24,13,1,200,200,31634.390,13621,64366,25,13,1,24,13,1,24,13,1,200,200,31634.390,13621,64366,25,13,1,24,13,1,24,13,1,200,200,31634.390,13621,64366,137.297,200,343.383,2.501,0.012,0.053,2.668,0.375,1.668,1.022,23.482,25.144,11.652,0,0.463,0,0.441,0.493,15015932.944,0.625,0.897,0.917,4343321.232,38208.080,40241.607,31634.390,107488195.128,0.937,0.352,28940.000,13621,20724,46066,64366,14759,50745,8350.308,5847.112,8062.870,0.328,0.237,221644565160.000,33289.981,221644565160.000,10367.651,733.104,11.870,42.643,0.928,0.329,10.000,1,5,21,32,7,9,31,5.258,3.825,5.070,0.550,0.391,4.450,0.054,6,4,-3,11,0.975,0.025,45631,20725,0.950,24906,200,64.627,3.095,0.776,0.602,1.289,26.565,0.007,3.780,13.390,2.225,0.849,1.819,0.903,7.559,49.339,1.598,0.003,4.220,0.849,0.123,0.285,0.098,0.304,0.095,0.259,57.716,49.339,543.367,24440.872,-0.117,0.303,0.973,1.145,0.026,185.334,0.025,181.256,0.030,204.534,10.292,0.053,181.635,0.937,0.963,42.817,0.055,4.596,0.742,4.773,0.022,209.824,0.011,166.303,0.125,671.412,5.756,0.048,61.168,0.514,0.595,43.001,1.948,5.464,0.489,7.597,0.022,209.824,0.018,66.160,0.060,2354.664,5.756,0.048,30.647,0.258,0.595,43.001,2.060,5.822,0.074,0.146,0.064,498.458,28.534,0.518,4.850,0.026,183.540,0.009,110.916,0.129,706.130,10.790,0.054,61.940,0.310,42.643,1.008,5.814,0.021,0.835
NaN,win,2.1.1,NaN,20240129,NaN,NaN,NaN,NaN,NaN,NaN,NaN,25,13,1,1,1,1,10553.751,0,41544,25,13,1,1,1,1,10553.751,0,41544,25,13,1,15,13,1,15,13,1,149,149,23019.926,6631,41544,25,13,1,15,13,1,15,13,1,149,149,23019.926,6631,41544,25,13,1,15,13,1,15,13,1,149,149,23019.926,6631,41544,116.985,149,286.471,2.449,0.014,0.066,2.477,0.404,1.477,0.492,15.214,14.732,13.098,0,0.889,0,0.617,0.660,19426092.143,0.635,0.928,0.943,2692985.024,25725.013,26232.627,23019.926,58204574.068,0.069,-0.428,23712.000,6631,12653,34756,41544,10007,34913,6147.354,4503.038,6113.779,0.331,0.222,87630114697.000,24251.218,87630114697.000,7629.192,625.008,15.550,48.301,0.081,-0.449,16.000,1,6,26,32,17,9,31,5.610,4.355,5.577,0.447,0.290,4.571,0.048,4,16,-3,1,0.960,0.034,34757,12654,0.926,22103,149,46.042,3.236,0.940,0.883,1.064,140.194,0.006,5.010,13.672,2.237,1.070,2.156,0.973,10.019,48.757,1.651,0.002,5.930,1.070,0.102,0.279,0.072,0.302,0.078,0.241,92.273,48.757,38.849,21111.825,-0.122,0.303,0.982,1.073,0.029,289.112,0.028,283.257,0.033,313.407,7.018,0.048,139.747,0.957,0.978,48.622,0.023,4.654,0.806,2.297,0.021,277.171,0.012,210.996,0.097,697.018,5.162,0.047,67.162,0.605,0.745,51.901,0.495,5.226,0.418,8.459,0.021,277.171,0.017,77.650,0.055,2897.450,5.162,0.047,25.036,0.226,0.745,51.901,2.142,5.969,0.080,0.221,0.034,620.183,26.650,0.656,3.081,0.030,290.114,0.013,174.965,0.131,981.913,7.215,0.048,64.168,0.431,48.301,0.593,5.440,0.027,0.858
NaN,win,2.1.1,NaN,20240129,NaN,NaN,NaN,NaN,NaN,NaN,NaN,25,13,1,1,1,1,15046.086,0,46643,25,13,1,1,1,1,15046.086,0,46643,25,13,1,25,13,1,25,13,1,210,210,23285.610,11422,46643,25,13,1,25,13,1,25,13,1,210,210,23285.610,11422,46643,25,13,1,25,13,1,25,13,1,210,210,23285.610,11422,46643,147.454,210,371.352,2.518,0.012,0.048,2.751,0.363,1.751,0.305,26.460,27.872,10.246,0,0.368,0,0.495,0.555,16544951.984,0.727,0.862,0.894,3433549.394,20504.773,26342.351,23285.610,45843229.505,0.982,0.923,22428.000,11422,15653,33118,46643,7717,35221,5146.685,3322.155,5066.752,0.291,0.170,123493196484.000,24250.007,123493196484.000,6770.763,467.227,11.281,38.278,0.950,0.858,10.500,1,4,20,32,11,7,31,4.721,3.304,4.662,0.548,0.333,4.453,0.055,4,1,-8,12,0.929,0.010,32478,15654,0.919,16824,210,67.213,3.124,0.764,0.584,1.308,156.251,0.008,3.505,11.784,2.216,0.844,1.961,0.906,7.011,42.810,1.603,0.003,4.325,0.844,0.124,0.285,0.100,0.304,0.101,0.251,49.560,42.810,470.523,22073.759,-0.116,0.302,0.973,1.143,0.033,167.700,0.032,164.578,0.038,183.508,11.200,0.055,191.037,0.938,0.964,38.666,0.054,4.582,0.710,4.677,0.033,203.298,0.026,162.124,0.181,537.750,6.565,0.053,58.435,0.471,0.590,42.786,1.809,5.561,0.515,5.758,0.033,203.298,0.028,86.006,0.091,1279.968,6.565,0.053,35.742,0.288,0.590,42.786,1.362,5.846,0.071,0.114,0.050,566.073,30.410,0.500,4.714,0.033,165.538,0.018,105.302,0.151,581.633,11.629,0.055,68.448,0.326,38.278,0.940,5.725,0.023,0.866
NaN,win,2.1.1,NaN,20240129,NaN,NaN,NaN,NaN,NaN,NaN,NaN,25,13,1,1,1,1,11902.822,0,48994,25,13,1,1,1,1,11902.822,0,48994,25,13,1,18,13,1,18,13,1,158,158,24483.652,9377,48994,25,13,1,18,13,1,18,13,1,158,158,24483.652,9377,48994,25,13,1,18,13,1,18,13,1,158,158,24483.652,9377,48994,113.600,158,278.234,2.449,0.014,0.068,2.453,0.408,1.453,0.409,17.889,19.137,10.724,0,0.560,0,0.493,0.533,17736452.733,0.688,0.962,0.970,2781331.424,26675.493,26749.098,24483.652,84748981.354,0.778,-0.298,21687.500,9377,15323,39745,48994,13133,39617,7554.396,5548.278,7287.918,0.376,0.271,108103314281.000,26157.182,108103314281.000,9205.921,732.384,12.677,54.915,0.774,-0.307,10.500,1,5,25,32,9,11,31,6.072,4.732,5.867,0.585,0.440,4.580,0.052,4,5,-5,10,0.949,0.019,39746,15324,0.930,24422,158,50.284,3.142,0.886,0.785,1.128,36.870,0.010,4.072,16.103,2.216,1.199,3.567,1.047,8.145,56.073,1.605,0.003,8.340,1.199,0.107,0.277,0.082,0.300,0.081,0.228,65.846,56.073,526.348,25682.642,-0.129,0.304,0.977,1.121,0.041,217.415,0.040,213.263,0.046,235.971,7.763,0.051,145.664,0.947,0.969,55.180,0.045,4.700,0.775,3.676,0.036,231.476,0.020,175.901,0.135,590.048,4.467,0.043,58.543,0.558,0.665,56.481,1.412,5.386,0.423,8.400,0.036,231.476,0.032,66.870,0.081,2597.010,4.467,0.043,23.533,0.224,0.665,56.481,2.078,5.891,0.083,0.223,0.047,704.478,30.804,0.580,4.291,0.041,215.627,0.017,131.098,0.166,680.297,8.152,0.052,56.329,0.357,54.915,1.015,5.684,0.022,0.888
NaN,win,2.1.1,NaN,20240129,NaN,NaN,NaN,NaN,NaN,NaN,NaN,25,13,1,1,1,1,8902.618,0,36345,25,13,1,1,1,1,8902.618,0,36345,25,13,1,12,12,1,12,12,1,122,122,23715.992,10051,36345,25,13,1,12,12,1,12,12,1,122,122,23715.992,10051,36345,25,13,1,12,12,1,12,12,1,122,122,23715.992,10051,36345,104.572,122,258.514,2.472,0.014,0.072,2.408,0.415,1.408,0.233,14.424,12.989,12.350,0,0.951,0,0.644,0.688,20888863.272,0.669,0.939,0.952,2480023.052,23176.835,24642.122,23715.992,38553115.582,0.054,-0.832,23507.000,10051,15831,31767,36345,9805,26294,5223.221,3977.465,5221.713,0.262,0.206,73322168701.000,24515.330,73322168701.000,6209.116,562.147,17.164,57.006,0.055,-0.834,17.000,1,8,27,32,18,12,31,6.331,4.861,6.328,0.440,0.353,4.669,0.043,3,11,-3,9,0.984,0.057,31768,15832,0.926,15936,122,40.971,2.978,0.956,0.913,1.046,56.310,0.006,5.446,17.126,2.209,1.291,3.142,1.040,10.893,59.610,1.634,0.002,8.896,1.291,0.097,0.274,0.067,0.300,0.060,0.228,109.091,59.610,-24.812,24675.322,-0.139,0.305,0.980,1.096,0.023,353.449,0.022,347.262,0.026,379.693,5.078,0.043,113.436,0.952,0.974,56.599,0.033,4.750,0.781,2.833,0.018,377.440,0.007,313.464,0.070,923.667,3.738,0.045,47.905,0.570,0.689,49.572,0.724,5.267,0.441,8.167,0.018,377.440,0.016,122.330,0.038,4135.012,3.738,0.045,19.524,0.232,0.689,49.572,2.035,5.946,0.094,0.311,0.031,694.122,28.017,0.604,3.459,0.023,351.607,0.007,235.604,0.096,1055.180,5.213,0.043,46.852,0.384,57.006,0.608,5.568,0.023,0.633
NaN,win,2.1.1,NaN,20240129,NaN,NaN,NaN,NaN,NaN,NaN,NaN,25,13,1,1,1,1,15491.302,0,42315,25,13,1,1,1,1,15491.302,0,42315,25,13,1,25,13,1,25,13,1,270,270,18646.937,9510,42315,25,13,1,25,13,1,25,13,1,270,270,18646.937,9510,42315,25,13,1,25,13,1,25,13,1,270,270,18646.937,9510,42315,200.492,270,480.630,2.397,0.011,0.041,2.901,0.345,1.901,2.037,25.831,27.318,13.364,0,0.489,0,0.617,0.662,17597227.741,0.693,0.899,0.916,3738559.791,22092.971,31396.480,18646.937,62578895.518,1.177,0.570,16184.000,9510,10987,31215,42315,9539,32805,6275.675,4303.366,5939.315,0.424,0.276,110777532223.000,20255.546,110777532223.000,7910.682,481.429,9.419,59.525,1.176,0.573,7.000,1,2,22,32,2,10,31,6.122,4.253,5.796,0.819,0.625,4.414,0.059,20,1,-6,9,0.741,0.026,31038,10988,0.715,20050,270,68.971,3.915,0.845,0.713,1.184,21.801,0.014,2.940,18.694,2.166,0.717,1.518,0.854,5.881,71.529,1.623,0.004,3.245,0.717,0.138,0.288,0.116,0.305,0.107,0.281,45.172,71.529,1285.664,58605.092,-0.125,0.303,0.961,1.205,0.096,150.964,0.090,146.583,0.127,170.333,14.823,0.058,237.751,0.916,0.950,59.436,0.072,4.610,0.637,7.232,0.066,178.246,0.031,126.445,1.038,686.442,6.652,0.048,54.043,0.392,0.511,56.927,3.404,5.723,0.406,11.246,0.066,178.246,0.040,58.696,0.385,1875.514,6.652,0.048,28.203,0.204,0.511,56.927,3.012,6.280,0.075,0.137,0.084,451.216,40.883,0.409,6.733,0.099,148.233,0.025,75.923,1.032,658.922,15.985,0.059,73.170,0.271,59.525,1.494,5.897,0.020,0.756
NaN,win,2.1.1,NaN,20240129,NaN,NaN,NaN,NaN,NaN,NaN,NaN,25,13,1,1,1,1,17248.018,0,58566,25,13,1,1,1,1,17248.018,0,58566,25,13,1,19,13,1,19,13,1,182,182,30800.033,10773,58566,25,13,1,19,13,1,19,13,1,182,182,30800.033,10773,58566,25,13,1,19,13,1,19,13,1,182,182,30800.033,10773,58566,136.169,182,333.399,2.448,0.013,0.057,2.605,0.384,1.605,0.520,19.244,19.695,12.734,0,0.647,0,0.559,0.605,17397164.202,0.645,0.923,0.939,4194008.945,34189.343,38010.552,30800.033,115999457.526,0.196,-0.824,30341.500,10773,16287,46022,58566,17336,47793,9023.517,6843.431,9017.912,0.350,0.286,193764750870.000,32628.844,193764750870.000,10770.304,798.348,13.912,51.608,0.194,-0.840,14.000,1,4,24,32,10,11,31,6.023,4.720,6.022,0.516,0.407,4.674,0.043,4,2,-3,4,0.918,0.005,46023,16288,0.912,29735,182,54.042,3.368,0.885,0.783,1.130,150.945,0.006,4.425,14.568,2.310,1.043,1.797,0.951,8.849,52.757,1.676,0.002,5.515,1.043,0.108,0.280,0.079,0.303,0.073,0.249,75.445,52.757,102.158,19861.971,-0.118,0.303,0.977,1.132,0.030,244.999,0.029,239.036,0.034,276.564,7.517,0.043,168.090,0.948,0.968,51.507,0.053,4.766,0.721,3.517,0.028,242.974,0.015,171.446,0.099,849.397,4.948,0.043,56.276,0.485,0.637,49.620,1.056,5.571,0.412,9.241,0.028,242.974,0.021,89.245,0.086,2605.328,4.948,0.043,25.034,0.216,0.637,49.620,2.463,6.256,0.090,0.191,0.041,481.577,26.786,0.535,4.110,0.030,245.154,0.013,127.646,0.115,1006.165,7.780,0.043,64.429,0.354,51.608,0.782,5.843,0.020,0.845
NaN,win,2.1.1,NaN,20240129,NaN,NaN,NaN,NaN,NaN,NaN,NaN,25,13,1,1,1,1,22628.483,0,65277,25,13,1,1,1,1,22628.483,0,65277,25,13,1,20,13,1,20,13,1,156,156,47142.673,10055,65277,25,13,1,20,13,1,20,13,1,156,156,47142.673,10055,65277,25,13,1,20,13,1,20,13,1,156,156,47142.673,10055,65277,103.443,156,259.317,2.507,0.014,0.069,2.433,0.411,1.433,0.399,18.785,19.458,10.821,0,0.556,0,0.490,0.539,15741325.732,0.627,0.979,0.984,4876592.876,52508.238,55346.313,47142.673,241642690.502,-0.703,-0.720,51523.000,10055,22639,64168,65277,23193,55222,13242.591,10509.745,12721.929,0.330,0.239,384395593193.000,49639.443,384395593193.000,15544.861,1244.585,21.955,80.684,-0.728,-0.696,25.000,1,8,32,32,32,14,31,7.631,6.176,7.340,0.409,0.304,4.622,0.052,13,32,-2,19,0.962,0.269,64169,22640,0.692,41529,156,53.698,2.905,0.825,0.680,1.213,151.189,0.022,7.147,21.539,2.158,1.333,4.456,1.049,14.294,74.974,1.605,0.004,11.183,1.333,0.106,0.274,0.079,0.298,0.065,0.223,182.023,74.974,-1024.977,49209.186,-0.132,0.304,0.977,1.149,0.021,551.421,0.021,532.442,0.024,679.752,7.493,0.050,143.189,0.946,0.965,79.930,0.062,4.738,0.856,3.909,0.018,474.645,0.009,387.137,0.058,3051.991,4.545,0.041,76.455,0.695,0.705,71.366,1.898,5.226,0.463,6.709,0.018,474.645,0.016,153.120,0.030,4526.009,4.545,0.041,28.455,0.259,0.705,71.366,1.626,6.079,0.062,0.382,0.019,1006.722,34.162,0.648,5.731,0.021,562.712,0.009,301.919,0.077,4849.660,8.090,0.052,61.026,0.391,80.684,2.082,5.558,0.024,0.972
NaN,win,2.1.1,NaN,20240129,NaN,NaN,NaN,NaN,NaN,NaN,NaN,25,13,1,1,1,1,24803.012,0,54710,25,13,1,1,1,1,24803.012,0,54710,25,13,1,25,13,1,25,13,1,217,217,37147.369,15242,54710,25,13,1,25,13,1,25,13,1,217,217,37147.369,15242,54710,25,13,1,25,13,1,25,13,1,217,217,37147.369,15242,54710,167.766,217,407.451,2.429,0.012,0.047,2.770,0.361,1.770,0.150,24.501,26.922,10.452,0,0.388,0,0.539,0.585,19103651.398,0.802,0.892,0.912,6232073.060,37532.951,38804.033,37147.369,99092951.431,-0.421,-0.777,38668.000,15242,21994,49075,54710,15158,39468,8355.488,6395.420,8291.424,0.268,0.200,320947329163.000,38458.028,320947329163.000,9954.544,675.758,18.263,65.447,-0.409,-0.792,19.000,1,6,28,32,21,12,31,6.779,5.356,6.728,0.443,0.316,4.796,0.040,3,15,-5,29,0.940,0.037,49076,21995,0.903,27081,217,64.284,3.376,0.812,0.660,1.231,158.199,0.006,5.971,17.809,2.365,1.290,3.322,1.038,11.942,61.899,1.696,0.002,9.335,1.290,0.097,0.274,0.070,0.299,0.072,0.225,129.054,61.899,-421.114,29535.012,-0.113,0.303,0.983,1.086,0.033,394.794,0.033,385.069,0.033,442.825,8.362,0.039,203.600,0.958,0.976,65.735,0.031,4.892,0.833,2.610,0.043,343.616,0.042,257.292,0.046,1266.069,5.717,0.036,103.805,0.653,0.733,67.722,0.747,5.510,0.416,7.478,0.043,343.616,0.040,70.279,0.060,4009.616,5.717,0.036,37.465,0.236,0.733,67.722,1.676,6.099,0.064,0.287,0.029,788.259,20.877,0.664,3.332,0.032,398.972,0.031,217.071,0.037,1722.908,8.650,0.040,91.673,0.422,65.447,0.715,5.782,0.020,0.986
NaN,win,2.1.1,NaN,20240129,NaN,NaN,NaN,NaN,NaN,NaN,NaN,25,13,1,1,1,1,8806.388,0,34030,25,13,1,1,1,1,8806.388,0,34030,25,13,1,16,13,1,16,13,1,142,142,20155.465,12068,34030,25,13,1,16,13,1,16,13,1,142,142,20155.465,12068,34030,25,13,1,16,13,1,16,13,1,142,142,20155.465,12068,34030,101.186,142,250.277,2.473,0.014,0.074,2.383,0.420,1.383,0.313,15.966,17.482,10.578,0,0.605,0,0.534,0.576,17532974.277,0.671,0.937,0.951,2039457.720,20768.090,20792.692,20155.465,16976156.883,0.455,0.518,20147.000,12068,15246,24894,34030,5981,21962,3339.021,2468.818,3338.901,0.204,0.150,60097086318.000,20572.285,60097086318.000,4120.213,345.761,12.289,35.684,0.415,0.427,12.000,1,5,19,32,15,8,31,4.842,3.537,4.838,0.486,0.333,4.344,0.055,4,10,-3,1,0.944,0.014,24895,15247,0.930,9648,142,46.870,3.030,0.901,0.812,1.110,141.340,0.007,3.944,9.861,2.176,1.013,2.132,0.954,7.888,33.879,1.542,0.003,5.565,1.013,0.108,0.280,0.081,0.303,0.084,0.220,57.637,33.879,65.694,11929.803,-0.109,0.300,0.981,1.101,0.043,186.458,0.042,182.564,0.048,205.500,7.582,0.055,132.165,0.954,0.973,35.853,0.039,4.435,0.793,3.250,0.039,181.583,0.022,140.000,0.120,626.031,5.146,0.054,56.438,0.588,0.676,37.583,1.062,5.108,0.462,7.250,0.039,181.583,0.032,61.409,0.092,1638.052,5.146,0.054,24.208,0.252,0.676,37.583,1.902,5.707,0.076,0.227,0.053,483.150,19.083,0.604,3.606,0.044,186.697,0.019,108.237,0.150,691.035,7.817,0.055,53.761,0.379,35.684,0.701,5.452,0.026,0.942
NaN,win,2.1.1,NaN,20240129,NaN,NaN,NaN,NaN,NaN,NaN,NaN,25,13,1,1,1,1,1384.569,0,23216,25,13,1,1,1,1,1384.569,0,23216,25,13,1,7,6,1,7,6,1,29,29,15516.724,9030,23216,25,13,1,7,6,1,7,6,1,29,29,15516.724,9030,23216,25,13,1,7,6,1,7,6,1,29,29,15516.724,9030,23216,9.780,29,34.408,3.518,0.027,0.266,1.556,0.643,0.556,0.118,4.808,6.645,5.820,0,0.876,0,0.433,0.536,8102985.362,0.383,1.000,1.000,151755.008,6716.194,10226.932,15516.724,14876644.131,0.312,-0.822,15343.000,9030,11309,22232,23216,6196,14186,3293.439,2711.344,3287.448,0.249,0.195,7413715791.000,15988.914,7413715791.000,3857.025,716.232,15.138,74.671,0.320,-0.888,15.000,1,6,30,32,6,14,31,7.384,6.122,7.379,0.571,0.438,4.090,0.065,1,5,-2,1,0.931,0.103,22233,11310,0.828,10923,29,20.142,1.440,0.948,0.898,1.055,15.945,0.013,5.322,22.826,1.646,2.530,6.823,1.100,10.644,62.039,1.260,0.008,29.266,2.530,0.062,0.249,0.037,0.284,0.031,0.112,100.287,62.039,0.524,26331.043,-0.210,0.307,0.989,1.043,0.078,303.896,0.078,300.673,0.078,316.789,1.863,0.065,27.910,0.974,0.987,74.962,0.013,4.112,0.844,1.625,0.091,304.167,0.089,256.948,0.097,493.042,1.417,0.059,16.083,0.670,0.828,79.167,0.165,4.418,0.696,2.958,0.091,304.167,0.090,109.812,0.094,1689.917,1.417,0.059,11.083,0.462,0.828,79.167,0.582,4.252,0.111,2.196,0.048,1144.571,40.714,0.741,2.034,0.077,303.828,0.074,225.672,0.087,616.448,1.897,0.065,15.897,0.548,74.671,0.226,4.375,0.051,0.180
NaN,win,2.1.1,NaN,20240129,NaN,NaN,NaN,NaN,NaN,NaN,NaN,25,13,1,1,1,1,4612.003,0,24644,25,13,1,1,1,1,4612.003,0,24644,25,13,1,9,10,1,9,10,1,81,81,18504.951,10599,24644,25,13,1,9,10,1,9,10,1,81,81,18504.951,10599,24644,25,13,1,9,10,1,9,10,1,81,81,18504.951,10599,24644,60.561,81,156.433,2.583,0.017,0.108,2.098,0.477,1.098,0.266,11.607,11.351,9.279,0,0.817,0,0.671,0.715,18423282.239,0.659,1.000,1.000,1120684.683,13878.713,19047.380,18504.951,13085355.282,-0.136,-1.041,18525.000,10599,14097,23148,24644,6550,14045,3104.223,2474.166,3103.975,0.195,0.179,28797002763.000,18855.200,28797002763.000,3617.369,401.930,18.481,68.052,-0.138,-1.087,19.000,1,8,29,32,10,15,31,7.118,5.773,7.111,0.446,0.429,4.473,0.052,3,9,-3,11,0.975,0.099,23149,14098,0.877,9051,81,32.728,2.475,0.975,0.950,1.026,128.660,0.008,6.009,19.510,2.059,1.484,3.332,1.059,12.017,67.032,1.569,0.003,11.009,1.484,0.087,0.270,0.058,0.298,0.055,0.219,131.401,67.032,-298.344,30833.602,-0.154,0.306,0.984,1.074,0.030,408.839,0.029,401.564,0.034,441.241,4.075,0.051,76.495,0.962,0.979,67.783,0.025,4.528,0.792,2.317,0.023,402.867,0.010,320.048,0.079,1001.750,2.900,0.048,35.167,0.586,0.741,65.532,0.494,4.882,0.490,5.050,0.023,402.867,0.021,146.978,0.035,2748.683,2.900,0.048,18.133,0.302,0.741,65.532,0.983,5.507,0.083,0.552,0.030,822.080,35.687,0.647,2.827,0.031,409.617,0.010,260.958,0.112,1269.494,4.185,0.052,36.086,0.446,68.052,0.446,4.916,0.038,0.472
