intensity_filename,mask_filename,label,original-area,original-centroid_y,original-centroid_x,original-bbox_ymin,original-bbox_xmin,original-bbox_height,original-bbox_width,original-major_axis_length,original-minor_axis_length,original-eccentricity,original-orientation,original-convex_area,original-euler_number,original-equivalent_diameter,original-solidity,original-perimeter,original-max_feret,original-min_feret,original-neighbors,original-polygonality_score,original-hexagonality_score,original-hexagonality_sd,original-circularity,original-extremap1_x,original-extremap1_y,original-extremap2_x,original-extremap2_y,original-extremap3_x,original-extremap3_y,original-extremap4_x,original-extremap4_y,original-extremap5_x,original-extremap5_y,original-extremap6_x,original-extremap6_y,original-extremap7_x,original-extremap7_y,original-extremap8_x,original-extremap8_y,original-extent,original-max_feret_angle,original-min_feret_angle,original-convex_hull_perimeter,original-filled_area_pixels,original-max_inclosing_circle_diameter,original-diameter_min_enclosing_circle,original-diameter_circumscribing_circle,original-diameter_inscribing_circle,original-diameter_equal_perimeter,original-rotated_bounding_box_height,original-rotated_bounding_box_width,original-geodetic_length,original-thickness,original-erosion_pixels,original-erosion_complement_pixels,original-fractal_dimension_box_counting,original-fractal_dimension_perimeter,original-feret_diameter_min,original-feret_diameter_max,original-feret_diameter_mean,original-feret_diameter_median,original-feret_diameter_std,original-feret_diameter_mode, original-martin_length_min,original-martin_length_max,original-martin_length_mean,original-martin_length_median,original-martin_length_std,original-martin_length_mode,original-nassenstein_diameter_min,original-nassenstein_diameter_max,original-nassenstein_diameter_mean,original-nassenstein_diameter_median,original-nassenstein_diameter_std,original-nassenstein_diameter_mode,original-maxchords_min,original-maxchords_max,original-maxchords_mean,original-maxchords_median,original-maxchords_std,original-maxchords_mode,original-allchords_min,original-allchords_max,original-allchords_mean,original-allchords_median,original-allchords_std,original-allchords_mode,original-x_max,original-y_max
p0_y1_r100_c0.ome.tif,p0_y1_r100_c0.ome.tif,1,234,5.5854701,161.88462,0.5,148.5,13,25,25.554172,13.197566,0.85631467,-6.8964503,199,0,17.260882,1.1758794,60.842596,25.330259,12.000001,3,7.792936,6.2013727,0.34102854,0.79434698,148.5,0.5,173.5,0.5,173.5,0.5,173.5,5.5,164.5,13.5,162.5,13.5,148.5,2.5,148.5,0.5,0.72000003,171,90,60.506758,234,12.165525,24.331251,317.90154,269.77177,19.3668,31,20,12,25,15.210649,15.210649,10,2,1.5779391,1.0987216,12,25,20.259659,21.300839,4.2622563,24,17,32,26.911111,27,4.1181022,31,1,27,13.783333,18,9.3096575,1,16,31,22.894444,22,3.4099482,22,1,31,8.3603196,5,7.3943301,2
p0_y1_r100_c0.ome.tif,p0_y1_r100_c0.ome.tif,2,74,3.1621622,184.91892,0.5,177.5,7,15,15.791125,7.7055636,0.87286152,-4.5822399,61.5,0,9.7066846,1.203252,34.78351,15,7.0000004,2,nan,nan,nan,0.76859006,177.5,0.5,192.5,0.5,192.5,0.5,192.5,2.5,187.5,7.5,186.5,7.5,177.5,2.5,177.5,0.5,0.70476192,0,90,34.531594,74,6,14.020275,363.86353,335.86568,11.071935,19,12,7,15,9.9679969,7.4237583,6,2,1.7,1.3026386,7,15,11.991555,12.669776,2.5525631,14,10,21,16.455556,17,2.6380174,18,1,16,3.5833333,2,4.3203331,2,9,19,13.85,14,2.362849,11,1,19,3.927851,2,3.6435803,1
p0_y1_r100_c0.ome.tif,p0_y1_r100_c0.ome.tif,3,85,3.1058824,206.4,0.5,197.5,6,18,18.132604,7.613114,0.90758993,-3.7700777,66,0,10.403142,1.2878788,38.536631,18,6.0000004,2,nan,nan,nan,0.71925236,197.5,0.5,215.5,0.5,215.5,0.5,215.5,1.5,210.5,6.5,202.5,6.5,197.5,2.5,197.5,0.5,0.78703701,0,90,38.536631,85,6,17.0002,406.8218,372.82379,12.266591,19,8,6,18,12.430047,6.8382686,6,2,1.2169925,1.0561914,6,18,13.266387,13.727922,3.6439273,17,14,23,20.188889,21,2.5227606,22,1,19,3.4055556,2,3.6918788,1,7,19,13.738889,14,3.3255975,10,1,19,3.195658,2,3.1211982,2
p0_y1_r100_c0.ome.tif,p0_y1_r100_c0.ome.tif,4,17,3.3529412,255.05882,0.5,253.5,6,3,8.2956915,4.3964915,0.84801459,-65.822093,5,0,4.6524265,3.4,12.385165,6.3851328,2.8671608,1,nan,nan,nan,1.3926924,253.5,0.5,256.5,0.5,256.5,0.5,256.5,6.5,256.5,6.5,254.5,6.5,253.5,5.5,253.5,0.5,0.94444442,112,21,12.385165,17,4,5.3853645,504.13961,500.13979,3.9423204,7,6,6,3,3.0962912,3.0962912,4,1,0.79248125,1,2,6,4.9422619,5.2876808,1.2087761,5,4,9,6.35,6,1.4623991,6,1,7,3.3111111,3.5,2.1063103,1,4,7,6.0833333,6,0.59511904,6,1,7,2.9416058,2,1.9478596,1
p0_y1_r100_c0.ome.tif,p0_y1_r100_c0.ome.tif,5,243,9.600823,223.09877,0.5,211.5,18,22,25.786858,13.835717,0.84387399,23.529693,241.5,0,17.58969,1.0062112,62.201929,25.207127,13.886732,3,7.8492741,7.2677252,0.22668516,0.7892388,226.5,0.5,232.5,0.5,233.5,5.5,233.5,11.5,217.5,18.5,216.5,18.5,211.5,15.5,211.5,9.5,0.61363637,38,118,61.09128,243,12,24.207638,440.19825,398.20736,19.799489,28,14,23.571091,14.307386,15.550482,15.550482,6,2,1.6888287,1.1274839,13,25,20.445855,21.469071,3.5510742,22,13,32,25.827778,26,4.6053478,32,1,32,5.8,3,6.0519969,1,14,28,20.927778,21,3.8297528,20,1,28,5.0308752,2,5.632189,2
p0_y1_r100_c0.ome.tif,p0_y1_r100_c0.ome.tif,6,484,15.080579,63.512397,1.5,51.5,27,25,28.187628,22.674515,0.5940695,56.774298,461,1,24.824342,1.0498915,77.726714,28.202938,22.213203,0,nan,nan,nan,1.0067337,63.5,1.5,67.5,1.5,76.5,10.5,76.5,13.5,64.5,28.5,58.5,28.5,51.5,20.5,51.5,14.5,0.71703702,54,135,77.726714,484,21.540659,27.203142,121.42406,73.143254,24.741182,33,24,27.870054,22.213203,19.431679,19.431679,9,2,1.8838285,1.0666002,22,28,25.741034,26.378096,2.0722672,26,23,41,37.733333,39,3.9109533,41,1,30,5.0555556,2,7.7701153,1,23,33,26.988889,27,2.6603861,24,1,33,4.8171872,2,6.9816435,2
p0_y1_r100_c0.ome.tif,p0_y1_r100_c0.ome.tif,7,353,14.985836,246.75921,3.5,236.5,22,20,25.100413,18.618876,0.67064809,-51.93365,317.5,0,21.20032,1.111811,66.972667,25.999936,19.384777,5,8.9576192,8.8287861,0.099479232,0.98898425,240.5,3.5,246.5,3.5,256.5,10.5,256.5,24.5,255.5,25.5,243.5,25.5,236.5,16.5,236.5,10.5,0.80227274,127,45,66.685633,353,18.439089,25.0002,487.62038,449.80408,21.318062,30,26,19.381739,22.160374,16.743167,16.743167,8,2,1.898898,1.0630336,19,25,22.226564,21.997895,2.2938034,19,25,34,31.627778,33,2.9814809,34,1,29,4.1222222,2,6.7984112,1,21,30,26.25,27,1.951851,28,1,30,6.9564327,3,7.5900188,2
p0_y1_r100_c0.ome.tif,p0_y1_r100_c0.ome.tif,8,485,16.635052,184.99381,5.5,170.5,23,30,29.947653,21.984131,0.67905729,2.1551651,470.5,1,24.849973,1.0308183,81.767987,30.427665,22.886043,5,9.5997792,9.0120038,0.091047742,0.91155944,178.5,5.5,182.5,5.5,200.5,11.5,200.5,16.5,185.5,28.5,179.5,28.5,170.5,17.5,170.5,14.5,0.70289856,10,77,80.623161,485,20,29.428078,364.10566,306.07398,26.027559,32,25,22.873257,29.458138,20.441997,20.441997,9,2,1.8108279,1.0777112,22,30,26.663054,26.787932,2.6204482,23,24,43,38.616667,41,4.9083546,42,1,29,3.55,2,5.0982295,1,23,32,27.122222,26.5,2.7011429,24,1,32,4.0882895,2,6.6201023,1
p0_y1_r100_c0.ome.tif,p0_y1_r100_c0.ome.tif,9,46,20.913043,160.47826,16.5,156.5,8,8,9.8252289,7.5356225,0.64168701,-47.553797,34.5,1,7.6530399,1.3333333,22.0552,8.2801065,7.363961,1,nan,nan,nan,1.1883536,159.5,16.5,161.5,16.5,164.5,20.5,164.5,22.5,163.5,24.5,158.5,24.5,156.5,22.5,156.5,19.5,0.71875,106,45,22.0552,46,7.2111025,7.7586727,316.36562,302.24017,7.0203882,10,10,7.6000004,7.8000002,5.5138,5.5138,4,1,1.2924813,1.0721654,7,8,8.0203018,8.0621988,0.21738548,8,8,16,11.383333,12,2.0365412,12,1,8,2.1888889,1,2.151973,1,8,10,9.3277778,9,0.56598543,9,1,10,3.4328138,2,2.8422276,2
p0_y1_r100_c0.ome.tif,p0_y1_r100_c0.ome.tif,10,255,23.631373,222.93725,14.5,213.5,19,19,23.15208,15.240906,0.75275975,46.743075,234,1,18.01877,1.0897436,57.595594,23.627419,15.064662,5,9.1459048,8.1328356,0.15125421,0.96598755,222.5,14.5,230.5,14.5,232.5,17.5,232.5,23.5,221.5,33.5,216.5,33.5,213.5,30.5,213.5,26.5,0.70637119,45,129,57.535968,255,14.422205,22.627617,440.21312,404.66384,18.333247,32,19,23.489021,15.055639,14.398898,14.398898,7,2,1.7773139,1.0307818,15,23,19.314231,19,2.9040884,15,15,32,28.394444,29,3.5986066,32,1,24,7.5055556,3,7.7771012,1,16,32,20.972222,21,4.4739127,16,1,32,5.7470539,3,5.5865728,3
p0_y1_r100_c0.ome.tif,p0_y1_r100_c0.ome.tif,11,103,29.61165,249.28155,24.5,243.5,10,13,14.359962,10.743256,0.66354139,2.4279797,89,0,11.451798,1.1573034,36.334858,14.416021,9.8891945,3,5.8187011,8.4113147,0.12614554,0.98039287,248.5,24.5,250.5,24.5,256.5,27.5,256.5,30.5,250.5,34.5,243.5,34.5,243.5,34.5,243.5,25.5,0.79230767,27,99,36.334858,103,10,13.601671,495.21939,470.55248,11.565745,16,12,13,10,9.0837146,9.0837146,5,2,1.5700223,1.0219915,9,14,12.565585,13.113508,1.4291064,13,10,20,15.372222,15,2.0194349,15,1,18,3.85,2,3.7807627,1,10,16,13.277778,13,1.5918388,15,1,16,4.4184089,2,4.1241826,2
p0_y1_r100_c0.ome.tif,p0_y1_r100_c0.ome.tif,12,326,36.134969,200.14417,25.5,189.5,21,22,21.364537,20.322049,0.3085604,23.839396,302.5,1,20.373416,1.077686,62.691431,22.213147,19.384776,5,8.5278634,9.343185,0.063670272,1.0423441,200.5,25.5,202.5,25.5,211.5,35.5,211.5,36.5,202.5,46.5,197.5,46.5,189.5,39.5,189.5,34.5,0.70562768,8,135,62.691431,326,18.867962,21.293455,397.23203,355.31392,19.955302,36,22,20.798988,19.384775,15.672858,15.672858,8,2,1.7328745,1.0418582,19,22,20.95511,21.071739,0.76164689,21,19,36,23.116667,22,3.7346352,22,1,24,18.761111,21,6.7390767,22,20,36,22.344444,22,1.7394834,22,1,36,11.410523,13,8.2068234,1
p0_y1_r100_c0.ome.tif,p0_y1_r100_c0.ome.tif,13,403,38.816377,231.03474,27.5,220.5,24,22,25.273227,21.279124,0.53953514,54.371911,378.5,1,22.652054,1.0647292,71.856937,26.806136,20.798988,5,9.0244591,9.132376,0.079869424,0.98079333,228.5,27.5,237.5,27.5,242.5,34.5,242.5,40.5,228.5,51.5,227.5,51.5,220.5,41.5,220.5,33.5,0.76325756,54,135,71.357401,403,19.79899,25.846972,458.34672,416.80021,22.872774,35,23,22,24,17.964234,17.964234,9,2,1.8111254,1.0434272,20,26,23.713556,23.345243,1.969835,22,21,38,36.111111,37,2.5470874,38,1,25,3.9166667,2,5.410766,1,22,35,24.755556,24,2.4212536,24,1,35,5.0596777,2,6.4098896,1
p0_y1_r100_c0.ome.tif,p0_y1_r100_c0.ome.tif,14,255,39.501961,176.40392,30.5,166.5,19,20,23.982803,14.024731,0.81118992,-43.395582,234,1,18.01877,1.0897436,57.752028,23.203515,13.727922,3,6.0209642,7.8263789,0.17639067,0.96076144,168.5,30.5,176.5,30.5,186.5,41.5,186.5,44.5,181.5,49.5,178.5,49.5,166.5,37.5,166.5,32.5,0.67105263,144,45,57.752028,255,14.142136,22.203804,353.60603,312.36461,18.383042,25,16,13.727921,22.920309,14.438007,14.438007,6,2,1.7027923,1.0538455,13,23,19.382815,19.658608,3.0842374,22,14,33,27.261111,29,5.2602956,33,1,22,4.15,1,5.7508212,1,15,25,19.494444,18,3.2531988,24,1,25,3.9235129,2,5.4740854,1
p0_y1_r100_c0.ome.tif,p0_y1_r100_c0.ome.tif,15,214,41.5,250.2757,30.5,241.5,20,15,19.13573,16.218817,0.53068805,-85.55828,201.5,0,16.506764,1.0620347,56.776596,20.722432,15,3,7.3575744,8.6962015,0.10061027,0.83422833,255.5,30.5,256.5,30.5,256.5,30.5,256.5,50.5,256.5,50.5,250.5,50.5,241.5,42.5,241.5,40.5,0.71333331,60,0,56.132265,214,14,20.506546,497.60033,468.17861,18.072552,24,18,15,20,14.194149,14.194149,9,2,1.3736966,1.1606823,15,20,18.867173,19.344468,1.5747007,19,17,29,26.077778,27.5,3.1454651,29,1,23,6.1166667,3,6.5669839,1,15,24,21.038889,21,1.6137048,22,1,24,4.3751429,2,5.2119845,2
p0_y1_r100_c0.ome.tif,p0_y1_r100_c0.ome.tif,16,189,42.94709,216.06878,32.5,209.5,21,12,22.056257,11.920547,0.84136907,-82.554626,174.5,1,15.512649,1.0830946,52.485347,21.395781,11.674269,3,7.0569002,7.2917017,0.22834656,0.86217518,213.5,32.5,216.5,32.5,221.5,41.5,221.5,50.5,218.5,53.5,214.5,53.5,209.5,40.5,209.5,38.5,0.75,101,7,51.842283,189,10.770329,20.396278,431.20212,406.73511,16.706605,24,12,11.666987,21.341698,13.121337,13.121337,6,2,1.6962828,1.1186536,11,21,17.501736,17.970562,3.2039906,20,18,29,26.055556,26,2.5093652,29,1,21,5.7388889,3,5.7671136,1,11,24,17.188889,17,3.6663468,13,1,24,4.0455816,2,4.3182633,2
p0_y1_r100_c0.ome.tif,p0_y1_r100_c0.ome.tif,17,237,54.14346,59.105485,44.5,51.5,20,15,20.275286,15.842592,0.62406237,87.27576,217.5,1,17.371176,1.0896552,53.893631,20.104973,15,2,nan,nan,nan,1.0253764,57.5,44.5,62.5,44.5,66.5,48.5,66.5,55.5,60.5,64.5,58.5,64.5,51.5,58.5,51.5,50.5,0.79000002,84,0,53.780668,237,15.231546,19.210728,145.03959,112.50658,17.154875,28,16,15,20,13.473408,13.473408,7,2,1.6459432,1.0474649,15,20,18.118704,18.317865,1.5956922,19,19,30,28.094444,29,2.3680682,30,1,19,5.0111111,2,5.5357313,1,15,28,19.227778,19,2.301764,20,1,28,4.4710886,2,5.1199229,1
p0_y1_r100_c0.ome.tif,p0_y1_r100_c0.ome.tif,18,54,54.462963,74.611111,50.5,70.5,8,8,9.65275,8.9242353,0.3811147,-47.885345,39,1,8.2918596,1.3846154,23.498602,9.485281,7.6805806,2,nan,nan,nan,1.2289086,72.5,50.5,77.5,50.5,78.5,51.5,78.5,56.5,76.5,58.5,72.5,58.5,70.5,57.5,70.5,53.5,0.84375,45,101,23.498602,54,8,8.4985657,173.57926,159.16536,7.4798374,11,10,8.0601807,7.6679482,5.8746505,5.8746505,4,2,1.160964,1.116136,7,9,8.4798065,8.2107882,0.52445057,8,8,14,11.738889,12,1.465772,13,1,10,4.4166667,3,2.9171428,3,8,11,9.9277778,10,0.53779959,10,1,11,4.4831487,3,2.9580699,3
p0_y1_r100_c0.ome.tif,p0_y1_r100_c0.ome.tif,19,189,53.746032,195.58201,48.5,183.5,11,23,23.965186,11.204736,0.88397075,1.4820366,171,1,15.512649,1.1052632,53.233314,23.022184,10.682397,2,nan,nan,nan,0.83811701,197.5,48.5,203.5,48.5,206.5,50.5,206.5,55.5,195.5,59.5,191.5,59.5,183.5,54.5,183.5,52.5,0.74703556,177,96,52.91812,189,10,22.022915,395.88145,352.70628,16.94469,27,24,22.791313,10.651861,13.308329,13.308329,6,2,1.7094738,1.0861111,10,23,17.844302,18.375257,4.0572075,22,9,30,27.95,29,2.6630705,30,1,22,4.7888889,2.5,5.7445519,1,10,27,17.461111,16.5,4.528139,13,1,27,3.8368761,2,4.1810337,1
p0_y1_r100_c0.ome.tif,p0_y1_r100_c0.ome.tif,20,43,57.046512,254.2093,51.5,250.5,10,6,11.323388,6.9977012,0.78618871,-88.76718,32,0,7.399277,1.34375,24.200793,10.48656,6,2,nan,nan,nan,0.92261207,254.5,51.5,256.5,51.5,256.5,51.5,256.5,61.5,256.5,61.5,252.5,61.5,250.5,60.5,250.5,59.5,0.71666664,72,0,24.200793,43,6,9.6210108,510.78917,500.59248,7.7033516,12,7,6,10,6.0501982,6.0501982,5,2,1.4036775,1.021166,6,10,8.7032537,9.0530078,1.5184218,10,5,12,8.5111111,9,1.7779167,7,4,13,8.0388889,8,2.1791025,11,6,12,9.0444444,9,1.6859624,7,1,12,5.8095238,6,2.7006977,7
p0_y1_r100_c0.ome.tif,p0_y1_r100_c0.ome.tif,21,259,67.779923,66.494208,57.5,56.5,20,20,25.115189,14.372282,0.82007603,43.880459,241,1,18.159544,1.0746888,60.23541,25.839445,13.727922,2,nan,nan,nan,0.89702776,70.5,57.5,72.5,57.5,76.5,58.5,76.5,64.5,64.5,77.5,58.5,77.5,56.5,75.5,56.5,69.5,0.64749998,40,135,60.23541,259,13.416408,24.849819,167.30892,141.96567,19.173527,27,15,25.748737,13.727921,15.058853,15.058853,6,2,1.6906891,1.0827795,13,25,20.17333,20,4.1664596,25,14,33,22.783333,24,5.2602017,24,1,27,8.9,3,8.7089354,2,15,27,19.6,18,3.9448983,15,1,27,7.7664402,4,6.9783299,2
p0_y1_r100_c0.ome.tif,p0_y1_r100_c0.ome.tif,22,278,69.636691,226.30935,59.5,216.5,19,19,19.892373,18.704263,0.34042106,-38.209741,255.5,1,18.81384,1.0880626,57.748908,20.235352,18,1,nan,nan,nan,1.0475315,225.5,59.5,227.5,59.5,235.5,67.5,235.5,75.5,230.5,78.5,222.5,78.5,216.5,72.5,216.5,68.5,0.77008313,152,90,57.748908,278,17.888544,19.519205,461.25505,423.40656,18.382048,31,21,19,18,14.437227,14.437227,8,2,1.7793078,1.047734,17,20,19.381849,19.352793,0.48661383,19,19,32,29.233333,30,3.1057295,32,1,32,5.0444444,2,6.3252775,1,19,31,21.6,21,2.9356052,21,1,31,6.1067909,4,5.9400691,3
p0_y1_r100_c0.ome.tif,p0_y1_r100_c0.ome.tif,23,233,71.248927,250.67811,60.5,242.5,22,14,22.472065,14.51306,0.76348403,-81.303889,206,0,17.22396,1.131068,56.194344,22,13,3,6.3695025,7.7541007,0.17622838,0.92721526,250.5,60.5,252.5,60.5,256.5,61.5,256.5,81.5,255.5,82.5,251.5,82.5,242.5,71.5,242.5,69.5,0.75649351,90,0,56.194344,233,14,21.0002,508.82225,479.17335,17.887215,28,19,13,22,14.048586,14.048586,10,2,1.6101319,1.1532606,13,21,18.886908,19.506263,2.5518807,21,20,30,28,29,2.4988886,30,1,26,6.3722222,3,7.4401542,1,14,28,22.111111,22,1.8465851,22,1,28,4.6961608,2,5.5771855,1
p0_y1_r100_c0.ome.tif,p0_y1_r100_c0.ome.tif,24,155,83.006452,237.56129,75.5,229.5,15,15,18.166962,11.53842,0.77240353,-47.388097,140,1,14.048207,1.1071429,44.120052,17.643138,11.606602,3,5.6115272,8.3316754,0.13093287,1.0006208,233.5,75.5,237.5,75.5,244.5,82.5,244.5,88.5,242.5,90.5,237.5,90.5,229.5,79.5,229.5,78.5,0.68888891,147,45,44.120052,155,11.313708,16.643517,493.75699,461.61525,14.043849,24,15,11.606602,17.263454,11.030013,11.030013,5,2,1.76797,1.0997065,11,17,15.043655,15,1.983939,17,14,26,23.844444,25,2.2969115,26,1,19,4.0388889,2,4.7391559,1,13,24,16.055556,16,2.4214831,14,1,24,3.8572391,2,4.2235154,1
p0_y1_r100_c0.ome.tif,p0_y1_r100_c0.ome.tif,25,68,88.617647,253.94118,81.5,250.5,15,6,15.27902,7.2760835,0.87932941,-81.083311,55,0,9.304853,1.2363636,33.659737,15,6,1,nan,nan,nan,0.75421879,255.5,81.5,256.5,81.5,256.5,81.5,256.5,96.5,256.5,96.5,255.5,96.5,250.5,90.5,250.5,85.5,0.75555557,90,0,33.407801,68,6,14.020275,527.76099,512.31299,10.714227,20,7,6,15,10.091573,6.7382956,6,2,1.3321928,1.2881179,6,14,11.633888,12.325645,2.8352008,14,11,20,16.361111,17,2.2503429,17,1,20,3.3833333,2,3.8445849,1,6,20,11.227778,10,3.5681158,8,1,20,3.5968858,2,3.08806,2
p0_y1_r100_c0.ome.tif,p0_y1_r100_c0.ome.tif,26,147,99.040816,234.26531,92.5,227.5,13,14,15.885628,12.87264,0.58597041,-49.37498,132.5,1,13.68087,1.109434,42.699757,15.999962,13.000001,2,nan,nan,nan,1.0131562,229.5,92.5,236.5,92.5,241.5,99.5,241.5,100.5,239.5,105.5,229.5,105.5,227.5,98.5,227.5,94.5,0.80769229,127,90,42.694483,147,12,15.017197,499.30879,471.08512,13.591755,17,15,14,13,10.674939,10.674939,6,2,1.633985,1.0589556,13,15,14.589847,14.46091,0.83633374,14,13,24,17.933333,19,3.0994623,19,1,24,4.5888889,2,4.7243917,1,13,17,15.283333,15,0.9619136,15,1,17,4.8068596,2,4.7602989,2
p0_y1_r100_c0.ome.tif,p0_y1_r100_c0.ome.tif,27,274,104.76277,97.963504,95.5,88.5,18,20,21.700478,16.871408,0.62892356,-30.749912,254.5,1,18.677999,1.0766208,58.402515,21.615442,17.263456,0,nan,nan,nan,1.0094791,92.5,95.5,98.5,95.5,108.5,105.5,108.5,109.5,99.5,113.5,96.5,113.5,88.5,107.5,88.5,100.5,0.76111114,157,45,58.111407,274,16.492422,20.635204,272.98367,233.1565,18.590098,32,21,17.263454,20.798988,14.600629,14.600629,7,2,1.689042,1.1199689,17,21,19.497191,19.586026,1.4563303,17,18,32,29.016667,30,3.2153711,32,1,30,5.5,2.5,6.4260754,2,18,32,21.188889,21,2.792428,19,1,32,5.9749485,3,5.8387492,2
p0_y1_r100_c0.ome.tif,p0_y1_r100_c0.ome.tif,28,137,111.33577,232.92701,105.5,226.5,13,13,14.249041,13.550315,0.3093038,-17.35696,117.5,1,13.20734,1.1659574,40.456988,15.142135,12.357855,1,nan,nan,nan,1.0518246,228.5,105.5,238.5,105.5,239.5,108.5,239.5,113.5,232.5,118.5,231.5,118.5,226.5,114.5,226.5,108.5,0.81065089,45,96,40.205052,137,12,14.142336,505.8144,480.67086,12.877859,23,14,13.437965,12.343424,10.114247,10.114247,6,2,1.70426,1.1956312,12,15,13.797676,13.694447,0.72524274,13,14,24,19.3,19.5,2.4057801,20,1,24,3.8222222,2,4.3155475,1,13,23,15.366667,15,1.662996,15,1,23,4.4344396,2,4.4443442,2
p0_y1_r100_c0.ome.tif,p0_y1_r100_c0.ome.tif,29,82,123.68293,48.536585,118.5,42.5,10,11,11.323219,11.005184,0.23534062,-64.971615,67,1,10.217908,1.2238806,31.237371,12.401728,9.8346449,1,nan,nan,nan,1.0560264,46.5,118.5,51.5,118.5,53.5,121.5,53.5,125.5,51.5,128.5,46.5,128.5,42.5,127.5,42.5,126.5,0.74545455,38,79,30.946263,82,8.944272,11.401955,255.26188,236.91656,9.943164,14,12,9.9738178,10.216353,7.8093428,7.8093428,5,2,1.5378295,1.1354214,9,12,10.850493,10.421051,0.89858102,10,10,20,14.744444,15,2.2113903,15,1,20,3.0444444,2,3.2159709,1,10,14,12.033333,12,0.78102497,12,1,14,3.9414688,2,3.5415258,2
p0_y1_r100_c0.ome.tif,p0_y1_r100_c0.ome.tif,30,286,129.47203,150.18881,121.5,138.5,20,23,23.560558,17.339613,0.67702574,-33.735986,270,1,19.082623,1.0592593,64.428858,23.203514,17.861514,1,nan,nan,nan,0.86579493,140.5,121.5,151.5,121.5,161.5,126.5,161.5,128.5,153.5,141.5,150.5,141.5,138.5,127.5,138.5,124.5,0.62173915,126,43,63.678504,286,14.422205,23.477634,385.30195,341.72872,20.508342,36,24,17.831686,23.053194,16.107214,16.107214,7,2,1.7551137,1.0739024,17,23,21.269552,22.026511,1.6553092,22,17,36,29.944444,32,5.2182609,33,1,36,6.3611111,3,7.0322779,1,18,36,22.538889,22.5,3.2903291,24,1,36,4.8526176,2,5.7130268,2
p0_y1_r100_c0.ome.tif,p0_y1_r100_c0.ome.tif,31,234,139.11538,161.52137,127.5,151.5,21,18,22.866385,14.55501,0.77125664,62.565064,225,1,17.260882,1.04,58.317812,22.632991,14.190559,1,nan,nan,nan,0.86461602,161.5,127.5,162.5,127.5,169.5,133.5,169.5,137.5,162.5,148.5,154.5,148.5,151.5,142.5,151.5,141.5,0.61904764,56,145,57.400247,234,12.649111,21.654306,402.91932,374.56588,18.563136,33,32,22.627724,14.189634,14.579453,14.579453,6,2,1.7650673,1.1014816,14,22,19.27093,19.724373,2.5797783,22,22,33,31.655556,33,2.8014326,33,1,22,5.5611111,3,6.0131004,2,14,33,21.927778,22,5.4731979,15,1,33,6.5013353,5,5.5388985,2
p0_y1_r100_c0.ome.tif,p0_y1_r100_c0.ome.tif,32,439,141.53986,69.027335,130.5,55.5,21,27,27.333654,21.255833,0.62870571,0.18723286,416,1,23.642169,1.0552885,75.55036,27.925805,21.000001,1,nan,nan,nan,0.96649878,67.5,130.5,72.5,130.5,82.5,139.5,82.5,144.5,76.5,151.5,66.5,151.5,55.5,147.5,55.5,140.5,0.77425045,15,90,74.591375,439,20.880613,26.926023,297.78738,254.32432,24.048426,29,22,27,21,18.88759,18.88759,9,2,1.7257388,1.0063061,21,27,24.742926,24.725077,2.2054189,27,23,39,35.65,37,3.4520123,38,1,27,3.9666667,2,6.401302,2,21,29,25.5,25,2.2985503,23,1,29,4.5160068,2,6.6332377,2
p0_y1_r100_c0.ome.tif,p0_y1_r100_c0.ome.tif,33,717,145.59554,37.55788,127.5,22.5,35,28,34.736287,28.392098,0.57612538,75.828586,716,1,30.214446,1.0013966,103.49149,37.124044,27.49496,2,nan,nan,nan,0.8412396,41.5,127.5,46.5,127.5,50.5,128.5,50.5,130.5,44.5,162.5,38.5,162.5,22.5,150.5,22.5,142.5,0.73163265,48,178,101.17763,717,26.076809,36.617023,286.88349,218.8772,32.942366,48,28,35.235786,27.463337,25.872873,25.872873,12,2,1.8027388,1.0495728,27,37,33.205599,33.63704,2.8101699,35,34,50,47.672222,49,3.3347173,50,1,32,4.5,2,6.1945316,1,27,48,33.627778,33,3.6998957,33,1,48,5.5694728,2,7.969428,1
p0_y1_r100_c0.ome.tif,p0_y1_r100_c0.ome.tif,34,160,146.14375,99.98125,138.5,92.5,15,15,15.697416,14.032874,0.44814524,-44.811858,138,1,14.272993,1.1594203,42.732516,15.212491,13.83995,0,nan,nan,nan,1.1010649,98.5,138.5,100.5,138.5,107.5,145.5,107.5,147.5,101.5,153.5,98.5,153.5,92.5,147.5,92.5,144.5,0.71111113,141,99,42.732516,160,14.142136,14.283756,340.25282,311.96263,13.602182,26,22,14,14,10.683129,10.683129,6,2,1.6686282,1.0596438,13,15,14.602108,14.569684,0.35308423,14,15,26,23.638889,25,2.4534871,26,1,16,4.2722222,2,4.8268123,1,15,26,16.316667,16,1.3143439,16,1,26,4.0334111,2,4.349802,1
p0_y1_r100_c0.ome.tif,p0_y1_r100_c0.ome.tif,35,280,155.51071,62.614286,146.5,48.5,18,27,28.533434,14.769142,0.8556177,-20.855962,289,1,18.881395,0.96885813,71.982775,28.202898,15.648535,2,nan,nan,nan,0.67906404,49.5,146.5,50.5,146.5,75.5,151.5,75.5,157.5,67.5,164.5,60.5,164.5,48.5,151.5,48.5,148.5,0.5761317,163,78,69.440285,280,14,27.203142,326.77302,283.51298,22.912829,38,27,15.626744,28.09038,24.617249,11.374139,7,2,1.7088788,1.145271,15,28,23.103379,24.001878,3.9324848,27,14,38,36.211111,37,3.247202,38,1,15,2.4166667,2,2.1340494,1,15,38,22.544444,21,4.9050113,21,1,38,3.8775891,2,4.6394042,1
p0_y1_r100_c0.ome.tif,p0_y1_r100_c0.ome.tif,36,199,169.27638,102.42211,160.5,93.5,17,18,20.736757,13.871545,0.74332081,45.593891,189.5,1,15.917747,1.0501319,52.901849,20.849412,14.119296,2,nan,nan,nan,0.89355489,105.5,160.5,108.5,160.5,111.5,163.5,111.5,166.5,105.5,177.5,96.5,177.5,93.5,171.5,93.5,170.5,0.65032679,41,151,52.304557,199,12.649111,19.900206,376.505,348.72029,16.839182,22,15,20.425716,14.112359,13.225462,13.225462,6,2,1.6613757,1.0646119,14,20,17.648892,17.662414,2.3351276,20,12,30,20.311111,20,5.2294985,30,1,19,4.6111111,2,5.1826515,1,14,22,17.927778,17,2.4743811,16,1,22,6.5824269,4,5.8342703,1
p0_y1_r100_c0.ome.tif,p0_y1_r100_c0.ome.tif,37,122,182.94262,112.13934,177.5,106.5,12,12,13.598028,12.97489,0.29925101,-39.513545,104.5,1,12.463355,1.1674641,38.422981,14.037963,12,2,nan,nan,nan,1.0384548,106.5,177.5,116.5,177.5,118.5,179.5,118.5,184.5,112.5,189.5,108.5,189.5,106.5,185.5,106.5,177.5,0.84722221,58,0,38.422981,122,11.661903,13.598408,420.90732,396.22856,12.230415,22,13,12,12,9.6057452,9.6057452,6,2,1.3214319,1.1509401,12,14,13.230237,13.293478,0.54326391,13,15,22,20.511111,21,1.9335887,22,1,15,3.4166667,2,3.7886893,2,12,22,14.711111,14,1.7336182,14,1,22,4.0963318,2,3.9700181,1
p0_y1_r100_c0.ome.tif,p0_y1_r100_c0.ome.tif,38,598,188.44983,94.219064,174.5,81.5,28,28,28.460021,27.90487,0.19655058,-43.620162,591.5,1,27.593428,1.010989,90.340969,31.4795,27.885551,2,nan,nan,nan,0.92074964,86.5,174.5,92.5,174.5,109.5,189.5,109.5,190.5,91.5,202.5,88.5,202.5,81.5,192.5,81.5,183.5,0.7627551,49,11,88.823822,598,24.738634,30.693718,409.02502,352.73321,28.756424,33,30,28,28,22.585242,22.585242,11,2,1.8584963,1.0984689,27,31,29.273269,29.065603,1.0807507,28,29,45,41.661111,43,3.4045132,43,1,30,5.0944444,2,8.2641779,2,28,33,29.85,30,1.1569836,29,1,33,4.686559,2,7.3438998,2
p0_y1_r100_c0.ome.tif,p0_y1_r100_c0.ome.tif,39,232,194.78448,15.676724,185.5,7.5,18,19,19.750551,16.812194,0.52479839,-19.060622,221,1,17.186959,1.0497738,56.663058,19.867962,17.248276,1,nan,nan,nan,0.90802504,12.5,185.5,15.5,185.5,26.5,195.5,26.5,198.5,14.5,203.5,10.5,203.5,7.5,199.5,7.5,191.5,0.67836255,148,51,55.294347,232,14.142137,19.304087,383.87613,349.82392,18.036412,30,19,18.44133,17.994116,14.165765,14.165765,7,2,1.7480748,1.0615494,17,19,18.600682,18.453457,0.7590362,19,18,31,26.744444,27,3.5057448,30,1,21,4.9888889,2,5.7783013,1,17,30,19.766667,20,1.7032648,19,1,30,4.271326,2,5.134049,2
p0_y1_r100_c0.ome.tif,p0_y1_r100_c0.ome.tif,40,288,210.61458,32,198.5,20.5,24,22,28.641215,13.242343,0.8866961,-51.983932,271.5,1,19.149229,1.0607735,66.739685,28.585305,13.727923,2,nan,nan,nan,0.81251997,25.5,198.5,27.5,198.5,42.5,217.5,42.5,219.5,38.5,222.5,35.5,222.5,20.5,201.5,20.5,200.5,0.54545456,136,45,66.369229,288,13.416408,27.58643,417.76939,370.00835,21.243902,35,23,13.800001,28.200001,16.684921,16.684921,6,2,1.7371814,1.1156085,13,28,22.125952,23.225436,5.0986758,28,19,38,35.322222,37,3.6797578,38,1,28,3.7277778,2,5.22476,1,15,35,21.316667,20,5.5552528,15,1,35,4.288653,2,5.2276479,1
p0_y1_r100_c0.ome.tif,p0_y1_r100_c0.ome.tif,41,285,226.98947,54.410526,219.5,37.5,15,33,34.915739,11.007012,0.94901032,-17.372963,267,1,19.049233,1.0674157,73.285944,33.756104,10.77623,1,nan,nan,nan,0.66682726,41.5,219.5,47.5,219.5,70.5,229.5,70.5,230.5,67.5,234.5,60.5,234.5,37.5,223.5,37.5,222.5,0.57575756,168,73,73.285945,285,10.198039,32.756878,457.9041,422.36388,23.327641,40,19,10.76983,33.661877,25.440254,11.202718,5,2,1.7166414,1.2481782,10,33,24.327571,25.619547,7.4690853,33,24,41,38.827778,40,3.8352612,41,1,31,6.5277778,5,5.9371061,1,12,40,24.133333,20,8.6258011,19,1,40,6.3852603,4,6.2469529,2
p0_y1_r100_c0.ome.tif,p0_y1_r100_c0.ome.tif,42,268,235.31343,240.58582,222.5,230.5,28,19,31.882754,11.441798,0.93338714,-60.609885,259.5,1,18.472363,1.0327553,68.98467,30.546566,11.973954,0,nan,nan,nan,0.70768416,233.5,222.5,236.5,222.5,249.5,243.5,249.5,245.5,246.5,250.5,245.5,250.5,230.5,229.5,230.5,225.5,0.50375938,114,31,68.514466,268,11.313708,29.560337,661.75148,605.43196,21.958503,37,22,11.940535,30.480482,22.671137,11.821198,5,2,1.7570804,1.1739108,11,30,22.808856,23.792935,6.1899683,30,23,39,37.2,39,3.6657575,39,1,32,5.8111111,2,8.6273395,2,13,37,21.594444,21,6.1478969,13,1,37,6.0692404,4,5.476607,2
p0_y1_r100_c0.ome.tif,p0_y1_r100_c0.ome.tif,43,29,244.06897,98.103448,241.5,94.5,6,7,8.3648938,6.3272506,0.65410314,-35.966754,20,1,6.0765078,1.45,16.944272,6.6568546,5.9999998,0,nan,nan,nan,1.2692934,95.5,241.5,100.5,241.5,101.5,242.5,101.5,244.5,98.5,247.5,97.5,247.5,94.5,244.5,94.5,243.5,0.69047618,135,90,16.944272,29,6,5.8590851,517.57011,506.80016,5.3935293,9,7,6,6,4.236068,4.236068,4,2,1.4036775,1,5,6,6.3934989,6.3805945,0.17327524,6,7,14,11.366667,11,1.9462214,11,1,8,2.1333333,2,1.6411378,1,6,9,7.7388889,8,0.48721304,8,1,9,2.5400985,2,2.0712068,1
p0_y1_r100_c0.ome.tif,p0_y1_r100_c0.ome.tif,44,81,251.74074,229.90123,246.5,225.5,10,9,12.61786,9.3677971,0.66993073,-54.046806,64,0,10.155413,1.265625,30.577728,12.313708,9,0,nan,nan,nan,1.0886404,226.5,246.5,231.5,246.5,234.5,249.5,234.5,256.5,234.5,256.5,226.5,256.5,225.5,254.5,225.5,247.5,0.89999998,135,0,30.577728,81,10,11.313909,671.89179,649.28691,9.7331931,15,13,9,10,7.644432,7.644432,5,2,1.2924813,1.0563597,9,12,10.733026,10.594775,0.88759005,10,10,17,14.4,14,1.7876117,14,1,12,3.9444444,2,3.3428568,2,9,15,12.527778,13,1.2711786,13,1,15,3.905247,2,3.7609393,1
